-- phpMyAdmin SQL Dump
-- version 5.2.0
-- https://www.phpmyadmin.net/
--
-- Host: 127.0.0.1
-- Generation Time: Feb 16, 2023 at 03:05 AM
-- Server version: 10.4.25-MariaDB
-- PHP Version: 8.1.10

SET SQL_MODE = "NO_AUTO_VALUE_ON_ZERO";
START TRANSACTION;
SET time_zone = "+00:00";


/*!40101 SET @OLD_CHARACTER_SET_CLIENT=@@CHARACTER_SET_CLIENT */;
/*!40101 SET @OLD_CHARACTER_SET_RESULTS=@@CHARACTER_SET_RESULTS */;
/*!40101 SET @OLD_COLLATION_CONNECTION=@@COLLATION_CONNECTION */;
/*!40101 SET NAMES utf8mb4 */;

--
-- Database: `lhph`
--

-- --------------------------------------------------------

--
-- Table structure for table `all_transaction`
--

CREATE TABLE `all_transaction` (
  `transaction_num` varchar(9) NOT NULL,
  `transaction_name` varchar(40) NOT NULL,
  `Category` varchar(20) NOT NULL,
  `transaction_email` varchar(50) NOT NULL,
  `transaction_date` datetime NOT NULL DEFAULT current_timestamp(),
  `confirmed_by` varchar(40) NOT NULL
) ENGINE=InnoDB DEFAULT CHARSET=utf8mb4;

--
-- Dumping data for table `all_transaction`
--

INSERT INTO `all_transaction` (`transaction_num`, `transaction_name`, `Category`, `transaction_email`, `transaction_date`, `confirmed_by`) VALUES
('2023-0001', 'Vennices Cosinos', 'Association Dues', 'vennice.cosino001@gmail.com', '2023-02-13 16:36:39', 'Vennice Zyna Cosino'),
('2023-0003', 'Vennices Cosinos', 'Other Services', 'vennice.cosino001@gmail.com', '2023-02-13 16:43:06', 'Vennice Zyna Cosino'),
('2023-0004', 'Vennices Cosinos', 'Association Dues', 'vennice.cosino001@gmail.com', '2023-02-14 08:18:56', 'Vennice Zyna Cosino'),
('2023-0005', 'Vennices Cosinos', 'Association Dues', 'vennice.cosino001@gmail.com', '2023-02-14 09:04:11', 'Vennice Zyna Cosino'),
('2023-0006', 'Vennices Cosinos', 'Reservation', 'vennice.cosino001@gmail.com', '2023-02-15 06:22:29', 'Vennice Zyna Cosino'),
('2023-0007', 'Vennices Cosinos', 'Association Dues', 'vennice.cosino001@gmail.com', '2023-02-15 14:39:54', 'Vennice Zyna Cosino'),
('2023-0007', 'Vennices Cosinos', 'Association Dues', 'vennice.cosino001@gmail.com', '2023-02-15 14:39:55', 'Vennice Zyna Cosino'),
('2023-0008', 'Vennices Cosinos', 'Association Dues', 'vennice.cosino001@gmail.com', '2023-02-15 14:42:45', 'Vennice Zyna Cosino'),
('2023-0009', 'Vennices Cosinos', 'Association Dues', 'vennice.cosino001@gmail.com', '2023-02-15 17:10:49', 'Vennice Zyna Cosino'),
('2023-0010', 'Vennices Cosinos', 'Association Dues', 'vennice.cosino001@gmail.com', '2023-02-15 17:17:19', 'Vennice Zyna Cosino'),
('2023-0011', 'Vennices Cosinos', 'Association Dues', 'vennice.cosino001@gmail.com', '2023-02-15 17:23:05', 'Vennice Zyna Cosino'),
('2023-0012', 'Vennices Cosinos', 'Association Dues', 'vennice.cosino001@gmail.com', '2023-02-15 17:41:10', 'Vennice Zyna Cosino'),
('2023-0013', 'Vennices Cosinos', 'Association Dues', 'vennice.cosino001@gmail.com', '2023-02-15 17:49:11', 'Vennice Zyna Cosino'),
('2023-0014', 'Vennices Cosinos', 'Association Dues', 'vennice.cosino001@gmail.com', '2023-02-15 17:52:00', 'Vennice Zyna Cosino'),
('2023-0015', 'Vennices Cosinos', 'Reservation', 'vennice.cosino001@gmail.com', '2023-02-15 18:52:50', 'Vennice Zyna Cosino'),
('2023-0016', 'Vennices Cosinos', 'Association Dues', 'vennice.cosino001@gmail.com', '2023-02-15 19:25:44', 'Vennice Zyna Cosino'),
('2023-0017', 'Vennices Cosinos', 'Reservation', 'vennice.cosino001@gmail.com', '2023-02-15 19:27:54', 'Vennice Zyna Cosino'),
('2023-0018', 'Vennices Cosinos', 'Reservation', 'vennice.cosino001@gmail.com', '2023-02-15 19:32:32', 'Vennice Zyna Cosino'),
('2023-0019', 'Vennices Cosinos', 'Reservation', 'vennice.cosino001@gmail.com', '2023-02-15 19:35:29', 'Vennice Zyna Cosino'),
('2023-0020', 'Vennices Cosinos', 'Other Services', 'vennice.cosino001@gmail.com', '2023-02-15 21:04:01', 'Vennice Zyna Cosino');

-- --------------------------------------------------------

--
-- Table structure for table `association_dues`
--

CREATE TABLE `association_dues` (
  `Lot_ID` varchar(15) NOT NULL,
  `Monthly_Dues` decimal(10,2) NOT NULL,
  `Yearly_Dues` decimal(10,2) NOT NULL,
  `month_count` int(10) NOT NULL,
  `year_count` int(10) NOT NULL,
  `total_assocdues` decimal(50,2) NOT NULL,
  `total_payment` decimal(50,2) NOT NULL,
  `total_change` decimal(50,2) NOT NULL,
  `total_discount` decimal(20,2) NOT NULL,
  `total_penalty` decimal(20,2) NOT NULL,
  `assoc_balance` decimal(20,2) NOT NULL,
  `Dues_Status` text NOT NULL,
  `Balance` decimal(15,2) NOT NULL,
  `DueRemarks` varchar(150) NOT NULL,
  `date_assigned` date NOT NULL
) ENGINE=InnoDB DEFAULT CHARSET=utf8mb4;

--
-- Dumping data for table `association_dues`
--

INSERT INTO `association_dues` (`Lot_ID`, `Monthly_Dues`, `Yearly_Dues`, `month_count`, `year_count`, `total_assocdues`, `total_payment`, `total_change`, `total_discount`, `total_penalty`, `assoc_balance`, `Dues_Status`, `Balance`, `DueRemarks`, `date_assigned`) VALUES
('blk10lot1', '743.40', '8920.80', 2, 0, '1486.80', '0.00', '0.00', '0.00', '0.00', '0.00', 'outdated', '1486.80', '', '2022-12-01'),
('blk10lot10', '621.00', '7452.00', 3, 0, '1863.00', '0.00', '0.00', '0.00', '0.00', '0.00', 'outdated', '1863.00', '', '2022-11-01'),
('blk10lot11', '756.00', '9072.00', 1, 0, '756.00', '0.00', '0.00', '0.00', '0.00', '0.00', 'outdated', '756.00', '', '2023-01-01'),
('blk10lot12', '527.40', '6328.80', 88, 0, '46411.20', '0.00', '0.00', '0.00', '0.00', '0.00', 'outdated', '46411.20', '', '2015-11-03'),
('blk10lot13', '802.80', '9633.60', 61, 0, '48970.80', '0.00', '0.00', '0.00', '0.00', '0.00', 'outdated', '48970.80', '', '2018-02-01'),
('blk10lot14', '1013.40', '12160.80', 5, 0, '5067.00', '0.00', '0.00', '0.00', '0.00', '0.00', 'outdated', '5067.00', '', '2022-08-23'),
('blk10lot15', '727.20', '8726.40', 17, 0, '12362.40', '0.00', '0.00', '0.00', '0.00', '0.00', 'outdated', '12362.40', '', '2021-09-01'),
('blk10lot16', '880.20', '10562.40', 39, 0, '34327.80', '0.00', '0.00', '0.00', '0.00', '0.00', 'outdated', '34327.80', '', '2019-12-01'),
('blk10lot17', '775.80', '9309.60', 4, 0, '3103.20', '0.00', '0.00', '0.00', '0.00', '0.00', 'outdated', '3103.20', '', '2022-10-04'),
('blk10lot18', '511.20', '6134.40', 53, 0, '27093.60', '0.00', '0.00', '0.00', '0.00', '0.00', 'outdated', '27093.60', '', '2018-09-11'),
('blk10lot19', '552.60', '6631.20', 0, 0, '0.00', '0.00', '0.00', '0.00', '0.00', '0.00', 'N/A', '0.00', '', '0000-00-00'),
('blk10lot2', '727.20', '8726.40', 0, 0, '0.00', '0.00', '0.00', '0.00', '0.00', '0.00', 'N/A', '0.00', '', '0000-00-00'),
('blk10lot20', '725.40', '8704.80', 0, 0, '0.00', '0.00', '0.00', '0.00', '0.00', '0.00', 'N/A', '0.00', '', '0000-00-00'),
('blk10lot21', '763.20', '9158.40', 0, 0, '0.00', '0.00', '0.00', '0.00', '0.00', '0.00', 'N/A', '0.00', '', '0000-00-00'),
('blk10lot22', '606.60', '7279.20', 0, 0, '0.00', '0.00', '0.00', '0.00', '0.00', '0.00', 'N/A', '0.00', '', '0000-00-00'),
('blk10lot23', '462.60', '5551.20', 0, 0, '0.00', '0.00', '0.00', '0.00', '0.00', '0.00', 'N/A', '0.00', '', '0000-00-00'),
('blk10lot24', '439.20', '5270.40', 0, 0, '0.00', '0.00', '0.00', '0.00', '0.00', '0.00', 'N/A', '0.00', '', '0000-00-00'),
('blk10lot25', '408.60', '4903.20', 0, 0, '0.00', '0.00', '0.00', '0.00', '0.00', '0.00', 'N/A', '0.00', '', '0000-00-00'),
('blk10lot26', '401.40', '4816.80', 0, 0, '0.00', '0.00', '0.00', '0.00', '0.00', '0.00', 'N/A', '0.00', '', '0000-00-00'),
('blk10lot27', '477.00', '5724.00', 0, 0, '0.00', '0.00', '0.00', '0.00', '0.00', '0.00', 'N/A', '0.00', '', '0000-00-00'),
('blk10lot28', '721.80', '8661.60', 0, 0, '0.00', '0.00', '0.00', '0.00', '0.00', '0.00', 'N/A', '0.00', '', '0000-00-00'),
('blk10lot29', '606.60', '7279.20', 0, 0, '0.00', '0.00', '0.00', '0.00', '0.00', '0.00', 'N/A', '0.00', '', '0000-00-00'),
('blk10lot3', '577.80', '6933.60', 0, 0, '0.00', '0.00', '0.00', '0.00', '0.00', '0.00', 'N/A', '0.00', '', '0000-00-00'),
('blk10lot4', '887.40', '10648.80', 0, 0, '0.00', '0.00', '0.00', '0.00', '0.00', '0.00', 'N/A', '0.00', '', '0000-00-00'),
('blk10lot5', '511.20', '6134.40', 0, 0, '0.00', '0.00', '0.00', '0.00', '0.00', '0.00', 'N/A', '0.00', '', '0000-00-00'),
('blk10lot6', '687.60', '8251.20', 0, 0, '0.00', '0.00', '0.00', '0.00', '0.00', '0.00', 'N/A', '0.00', '', '0000-00-00'),
('blk10lot7', '581.40', '6976.80', 0, 0, '0.00', '0.00', '0.00', '0.00', '0.00', '0.00', 'N/A', '0.00', '', '0000-00-00'),
('blk10lot8', '795.60', '9547.20', 0, 0, '0.00', '0.00', '0.00', '0.00', '0.00', '0.00', 'N/A', '0.00', '', '0000-00-00'),
('blk10lot9', '612.00', '7344.00', 0, 0, '0.00', '0.00', '0.00', '0.00', '0.00', '0.00', 'N/A', '0.00', '', '0000-00-00'),
('blk11lot1', '725.40', '8704.80', 0, 0, '0.00', '0.00', '0.00', '0.00', '0.00', '0.00', 'N/A', '0.00', '', '0000-00-00'),
('blk11lot10', '475.20', '5702.40', 0, 0, '0.00', '0.00', '0.00', '0.00', '0.00', '0.00', 'N/A', '0.00', '', '0000-00-00'),
('blk11lot11', '414.00', '4968.00', 0, 0, '0.00', '0.00', '0.00', '0.00', '0.00', '0.00', 'N/A', '0.00', '', '0000-00-00'),
('blk11lot12', '437.40', '5248.80', 0, 0, '0.00', '0.00', '0.00', '0.00', '0.00', '0.00', 'N/A', '0.00', '', '0000-00-00'),
('blk11lot13', '574.20', '6890.40', 0, 0, '0.00', '0.00', '0.00', '0.00', '0.00', '0.00', 'N/A', '0.00', '', '0000-00-00'),
('blk11lot14', '685.80', '8229.60', 0, 0, '0.00', '0.00', '0.00', '0.00', '0.00', '0.00', 'N/A', '0.00', '', '0000-00-00'),
('blk11lot15', '766.80', '9201.60', 0, 0, '0.00', '0.00', '0.00', '0.00', '0.00', '0.00', 'N/A', '0.00', '', '0000-00-00'),
('blk11lot16', '471.60', '5659.20', 0, 0, '0.00', '0.00', '0.00', '0.00', '0.00', '0.00', 'N/A', '0.00', '', '0000-00-00'),
('blk11lot17', '588.60', '7063.20', 0, 0, '0.00', '0.00', '0.00', '0.00', '0.00', '0.00', 'N/A', '0.00', '', '0000-00-00'),
('blk11lot18', '761.40', '9136.80', 0, 0, '0.00', '0.00', '0.00', '0.00', '0.00', '0.00', 'N/A', '0.00', '', '0000-00-00'),
('blk11lot19', '486.00', '5832.00', 0, 0, '0.00', '0.00', '0.00', '0.00', '0.00', '0.00', 'N/A', '0.00', '', '0000-00-00'),
('blk11lot2', '437.40', '5248.80', 0, 0, '0.00', '0.00', '0.00', '0.00', '0.00', '0.00', 'N/A', '0.00', '', '0000-00-00'),
('blk11lot20', '97.20', '1166.40', 0, 0, '0.00', '0.00', '0.00', '0.00', '0.00', '0.00', 'N/A', '0.00', '', '0000-00-00'),
('blk11lot3', '403.20', '4838.40', 0, 0, '0.00', '0.00', '0.00', '0.00', '0.00', '0.00', 'N/A', '0.00', '', '0000-00-00'),
('blk11lot4', '457.20', '5486.40', 0, 0, '0.00', '0.00', '0.00', '0.00', '0.00', '0.00', 'N/A', '0.00', '', '0000-00-00'),
('blk11lot5', '405.00', '4860.00', 0, 0, '0.00', '0.00', '0.00', '0.00', '0.00', '0.00', 'N/A', '0.00', '', '0000-00-00'),
('blk11lot6', '399.60', '4795.20', 0, 0, '0.00', '0.00', '0.00', '0.00', '0.00', '0.00', 'N/A', '0.00', '', '0000-00-00'),
('blk11lot7', '397.80', '4773.60', 0, 0, '0.00', '0.00', '0.00', '0.00', '0.00', '0.00', 'N/A', '0.00', '', '0000-00-00'),
('blk11lot8', '397.80', '4773.60', 0, 0, '0.00', '0.00', '0.00', '0.00', '0.00', '0.00', 'N/A', '0.00', '', '0000-00-00'),
('blk11lot9', '462.60', '5551.20', 0, 0, '0.00', '0.00', '0.00', '0.00', '0.00', '0.00', 'N/A', '0.00', '', '0000-00-00'),
('blk12lot1', '770.40', '9244.80', 0, 0, '0.00', '0.00', '0.00', '0.00', '0.00', '0.00', 'N/A', '0.00', '', '0000-00-00'),
('blk12lot10', '432.00', '5184.00', 0, 0, '0.00', '0.00', '0.00', '0.00', '0.00', '0.00', 'N/A', '0.00', '', '0000-00-00'),
('blk12lot11', '529.20', '6350.40', 0, 0, '0.00', '0.00', '0.00', '0.00', '0.00', '0.00', 'N/A', '0.00', '', '0000-00-00'),
('blk12lot12', '426.60', '5119.20', 0, 0, '0.00', '0.00', '0.00', '0.00', '0.00', '0.00', 'N/A', '0.00', '', '0000-00-00'),
('blk12lot13', '520.20', '6242.40', 0, 0, '0.00', '0.00', '0.00', '0.00', '0.00', '0.00', 'N/A', '0.00', '', '0000-00-00'),
('blk12lot14', '360.00', '4320.00', 0, 0, '0.00', '0.00', '0.00', '0.00', '0.00', '0.00', 'N/A', '0.00', '', '0000-00-00'),
('blk12lot15', '466.20', '5594.40', 0, 0, '0.00', '0.00', '0.00', '0.00', '0.00', '0.00', 'N/A', '0.00', '', '0000-00-00'),
('blk12lot16', '360.00', '4320.00', 0, 0, '0.00', '0.00', '0.00', '0.00', '0.00', '0.00', 'N/A', '0.00', '', '0000-00-00'),
('blk12lot17', '446.40', '5356.80', 0, 0, '0.00', '0.00', '0.00', '0.00', '0.00', '0.00', 'N/A', '0.00', '', '0000-00-00'),
('blk12lot18', '365.40', '4384.80', 0, 0, '0.00', '0.00', '0.00', '0.00', '0.00', '0.00', 'N/A', '0.00', '', '0000-00-00'),
('blk12lot19', '475.20', '5702.40', 0, 0, '0.00', '0.00', '0.00', '0.00', '0.00', '0.00', 'N/A', '0.00', '', '0000-00-00'),
('blk12lot2', '748.80', '8985.60', 0, 0, '0.00', '0.00', '0.00', '0.00', '0.00', '0.00', 'N/A', '0.00', '', '0000-00-00'),
('blk12lot20', '374.40', '4492.80', 0, 0, '0.00', '0.00', '0.00', '0.00', '0.00', '0.00', 'N/A', '0.00', '', '0000-00-00'),
('blk12lot21', '460.80', '5529.60', 0, 0, '0.00', '0.00', '0.00', '0.00', '0.00', '0.00', 'N/A', '0.00', '', '0000-00-00'),
('blk12lot22', '394.20', '4730.40', 0, 0, '0.00', '0.00', '0.00', '0.00', '0.00', '0.00', 'N/A', '0.00', '', '0000-00-00'),
('blk12lot23', '450.00', '5400.00', 0, 0, '0.00', '0.00', '0.00', '0.00', '0.00', '0.00', 'N/A', '0.00', '', '0000-00-00'),
('blk12lot24', '412.20', '4946.40', 0, 0, '0.00', '0.00', '0.00', '0.00', '0.00', '0.00', 'N/A', '0.00', '', '0000-00-00'),
('blk12lot25', '417.60', '5011.20', 0, 0, '0.00', '0.00', '0.00', '0.00', '0.00', '0.00', 'N/A', '0.00', '', '0000-00-00'),
('blk12lot26', '496.80', '5961.60', 0, 0, '0.00', '0.00', '0.00', '0.00', '0.00', '0.00', 'N/A', '0.00', '', '0000-00-00'),
('blk12lot27', '441.00', '5292.00', 0, 0, '0.00', '0.00', '0.00', '0.00', '0.00', '0.00', 'N/A', '0.00', '', '0000-00-00'),
('blk12lot28', '522.00', '6264.00', 0, 0, '0.00', '0.00', '0.00', '0.00', '0.00', '0.00', 'N/A', '0.00', '', '0000-00-00'),
('blk12lot29', '477.00', '5724.00', 0, 0, '0.00', '0.00', '0.00', '0.00', '0.00', '0.00', 'N/A', '0.00', '', '0000-00-00'),
('blk12lot3', '487.80', '5853.60', 0, 0, '0.00', '0.00', '0.00', '0.00', '0.00', '0.00', 'N/A', '0.00', '', '0000-00-00'),
('blk12lot30', '504.00', '6048.00', 0, 0, '0.00', '0.00', '0.00', '0.00', '0.00', '0.00', 'N/A', '0.00', '', '0000-00-00'),
('blk12lot31', '496.80', '5961.60', 0, 0, '0.00', '0.00', '0.00', '0.00', '0.00', '0.00', 'N/A', '0.00', '', '0000-00-00'),
('blk12lot32', '493.20', '5918.40', 0, 0, '0.00', '0.00', '0.00', '0.00', '0.00', '0.00', 'N/A', '0.00', '', '0000-00-00'),
('blk12lot33', '808.20', '9698.40', 0, 0, '0.00', '0.00', '0.00', '0.00', '0.00', '0.00', 'N/A', '0.00', '', '0000-00-00'),
('blk12lot34', '577.80', '6933.60', 0, 0, '0.00', '0.00', '0.00', '0.00', '0.00', '0.00', 'N/A', '0.00', '', '0000-00-00'),
('blk12lot35', '901.80', '10821.60', 0, 0, '0.00', '0.00', '0.00', '0.00', '0.00', '0.00', 'N/A', '0.00', '', '0000-00-00'),
('blk12lot36', '217.80', '2613.60', 0, 0, '0.00', '0.00', '0.00', '0.00', '0.00', '0.00', 'N/A', '0.00', '', '0000-00-00'),
('blk12lot4', '421.20', '5054.40', 0, 0, '0.00', '0.00', '0.00', '0.00', '0.00', '0.00', 'N/A', '0.00', '', '0000-00-00'),
('blk12lot5', '484.20', '5810.40', 0, 0, '0.00', '0.00', '0.00', '0.00', '0.00', '0.00', 'N/A', '0.00', '', '0000-00-00'),
('blk12lot6', '421.20', '5054.40', 0, 0, '0.00', '0.00', '0.00', '0.00', '0.00', '0.00', 'N/A', '0.00', '', '0000-00-00'),
('blk12lot7', '464.40', '5572.80', 0, 0, '0.00', '0.00', '0.00', '0.00', '0.00', '0.00', 'N/A', '0.00', '', '0000-00-00'),
('blk12lot8', '781.20', '9374.40', 0, 0, '0.00', '0.00', '0.00', '0.00', '0.00', '0.00', 'N/A', '0.00', '', '0000-00-00'),
('blk12lot9', '480.60', '5767.20', 0, 0, '0.00', '0.00', '0.00', '0.00', '0.00', '0.00', 'N/A', '0.00', '', '0000-00-00'),
('blk13lot1', '738.00', '8856.00', 0, 0, '0.00', '0.00', '0.00', '0.00', '0.00', '0.00', 'N/A', '0.00', '', '0000-00-00'),
('blk13lot10', '450.00', '5400.00', 0, 0, '0.00', '0.00', '0.00', '0.00', '0.00', '0.00', 'N/A', '0.00', '', '0000-00-00'),
('blk13lot11', '408.60', '4903.20', 0, 0, '0.00', '0.00', '0.00', '0.00', '0.00', '0.00', 'N/A', '0.00', '', '0000-00-00'),
('blk13lot12', '370.80', '4449.60', 0, 0, '0.00', '0.00', '0.00', '0.00', '0.00', '0.00', 'N/A', '0.00', '', '0000-00-00'),
('blk13lot13', '374.40', '4492.80', 0, 0, '0.00', '0.00', '0.00', '0.00', '0.00', '0.00', 'N/A', '0.00', '', '0000-00-00'),
('blk13lot14', '455.40', '5464.80', 0, 0, '0.00', '0.00', '0.00', '0.00', '0.00', '0.00', 'N/A', '0.00', '', '0000-00-00'),
('blk13lot15', '397.80', '4773.60', 0, 0, '0.00', '0.00', '0.00', '0.00', '0.00', '0.00', 'N/A', '0.00', '', '0000-00-00'),
('blk13lot16', '491.40', '5896.80', 0, 0, '0.00', '0.00', '0.00', '0.00', '0.00', '0.00', 'N/A', '0.00', '', '0000-00-00'),
('blk13lot17', '801.00', '9612.00', 0, 0, '0.00', '0.00', '0.00', '0.00', '0.00', '0.00', 'N/A', '0.00', '', '0000-00-00'),
('blk13lot18', '738.00', '8856.00', 0, 0, '0.00', '0.00', '0.00', '0.00', '0.00', '0.00', 'N/A', '0.00', '', '0000-00-00'),
('blk13lot19', '180.00', '2160.00', 0, 0, '0.00', '0.00', '0.00', '0.00', '0.00', '0.00', 'N/A', '0.00', '', '0000-00-00'),
('blk13lot2', '750.60', '9007.20', 0, 0, '0.00', '0.00', '0.00', '0.00', '0.00', '0.00', 'N/A', '0.00', '', '0000-00-00'),
('blk13lot3', '387.00', '4644.00', 0, 0, '0.00', '0.00', '0.00', '0.00', '0.00', '0.00', 'N/A', '0.00', '', '0000-00-00'),
('blk13lot4', '433.80', '5205.60', 0, 0, '0.00', '0.00', '0.00', '0.00', '0.00', '0.00', 'N/A', '0.00', '', '0000-00-00'),
('blk13lot5', '358.20', '4298.40', 0, 0, '0.00', '0.00', '0.00', '0.00', '0.00', '0.00', 'N/A', '0.00', '', '0000-00-00'),
('blk13lot6', '365.40', '4384.80', 0, 0, '0.00', '0.00', '0.00', '0.00', '0.00', '0.00', 'N/A', '0.00', '', '0000-00-00'),
('blk13lot7', '369.00', '4428.00', 0, 0, '0.00', '0.00', '0.00', '0.00', '0.00', '0.00', 'N/A', '0.00', '', '0000-00-00'),
('blk13lot8', '374.40', '4492.80', 0, 0, '0.00', '0.00', '0.00', '0.00', '0.00', '0.00', 'N/A', '0.00', '', '0000-00-00'),
('blk13lot9', '414.00', '4968.00', 0, 0, '0.00', '0.00', '0.00', '0.00', '0.00', '0.00', 'N/A', '0.00', '', '0000-00-00'),
('blk14lot1', '786.60', '9439.20', 0, 0, '0.00', '0.00', '0.00', '0.00', '0.00', '0.00', 'N/A', '0.00', '', '0000-00-00'),
('blk14lot10', '487.80', '5853.60', 0, 0, '0.00', '0.00', '0.00', '0.00', '0.00', '0.00', 'N/A', '0.00', '', '0000-00-00'),
('blk14lot100', '381.60', '4579.20', 0, 0, '0.00', '0.00', '0.00', '0.00', '0.00', '0.00', 'N/A', '0.00', '', '0000-00-00'),
('blk14lot101', '433.80', '5205.60', 0, 0, '0.00', '0.00', '0.00', '0.00', '0.00', '0.00', 'N/A', '0.00', '', '0000-00-00'),
('blk14lot102', '376.20', '4514.40', 0, 0, '0.00', '0.00', '0.00', '0.00', '0.00', '0.00', 'N/A', '0.00', '', '0000-00-00'),
('blk14lot103', '428.40', '5140.80', 0, 0, '0.00', '0.00', '0.00', '0.00', '0.00', '0.00', 'N/A', '0.00', '', '0000-00-00'),
('blk14lot104', '394.20', '4730.40', 0, 0, '0.00', '0.00', '0.00', '0.00', '0.00', '0.00', 'N/A', '0.00', '', '0000-00-00'),
('blk14lot105', '423.00', '5076.00', 0, 0, '0.00', '0.00', '0.00', '0.00', '0.00', '0.00', 'N/A', '0.00', '', '0000-00-00'),
('blk14lot106', '435.60', '5227.20', 0, 0, '0.00', '0.00', '0.00', '0.00', '0.00', '0.00', 'N/A', '0.00', '', '0000-00-00'),
('blk14lot107', '424.80', '5097.60', 0, 0, '0.00', '0.00', '0.00', '0.00', '0.00', '0.00', 'N/A', '0.00', '', '0000-00-00'),
('blk14lot108', '424.80', '5097.60', 0, 0, '0.00', '0.00', '0.00', '0.00', '0.00', '0.00', 'N/A', '0.00', '', '0000-00-00'),
('blk14lot109', '496.80', '5961.60', 0, 0, '0.00', '0.00', '0.00', '0.00', '0.00', '0.00', 'N/A', '0.00', '', '0000-00-00'),
('blk14lot11', '459.00', '5508.00', 0, 0, '0.00', '0.00', '0.00', '0.00', '0.00', '0.00', 'N/A', '0.00', '', '0000-00-00'),
('blk14lot110', '606.60', '7279.20', 0, 0, '0.00', '0.00', '0.00', '0.00', '0.00', '0.00', 'N/A', '0.00', '', '0000-00-00'),
('blk14lot111', '414.00', '4968.00', 0, 0, '0.00', '0.00', '0.00', '0.00', '0.00', '0.00', 'N/A', '0.00', '', '0000-00-00'),
('blk14lot112', '367.20', '4406.40', 0, 0, '0.00', '0.00', '0.00', '0.00', '0.00', '0.00', 'N/A', '0.00', '', '0000-00-00'),
('blk14lot113', '367.20', '4406.40', 0, 0, '0.00', '0.00', '0.00', '0.00', '0.00', '0.00', 'N/A', '0.00', '', '0000-00-00'),
('blk14lot114', '367.20', '4406.40', 0, 0, '0.00', '0.00', '0.00', '0.00', '0.00', '0.00', 'N/A', '0.00', '', '0000-00-00'),
('blk14lot115', '367.20', '4406.40', 0, 0, '0.00', '0.00', '0.00', '0.00', '0.00', '0.00', 'N/A', '0.00', '', '0000-00-00'),
('blk14lot116', '367.20', '4406.40', 0, 0, '0.00', '0.00', '0.00', '0.00', '0.00', '0.00', 'N/A', '0.00', '', '0000-00-00'),
('blk14lot117', '367.20', '4406.40', 0, 0, '0.00', '0.00', '0.00', '0.00', '0.00', '0.00', 'N/A', '0.00', '', '0000-00-00'),
('blk14lot118', '367.20', '4406.40', 0, 0, '0.00', '0.00', '0.00', '0.00', '0.00', '0.00', 'N/A', '0.00', '', '0000-00-00'),
('blk14lot119', '367.20', '4406.40', 0, 0, '0.00', '0.00', '0.00', '0.00', '0.00', '0.00', 'N/A', '0.00', '', '0000-00-00'),
('blk14lot12', '831.60', '9979.20', 0, 0, '0.00', '0.00', '0.00', '0.00', '0.00', '0.00', 'N/A', '0.00', '', '0000-00-00'),
('blk14lot120', '367.20', '4406.40', 0, 0, '0.00', '0.00', '0.00', '0.00', '0.00', '0.00', 'N/A', '0.00', '', '0000-00-00'),
('blk14lot121', '367.20', '4406.40', 0, 0, '0.00', '0.00', '0.00', '0.00', '0.00', '0.00', 'N/A', '0.00', '', '0000-00-00'),
('blk14lot122', '779.40', '9352.80', 0, 0, '0.00', '0.00', '0.00', '0.00', '0.00', '0.00', 'N/A', '0.00', '', '0000-00-00'),
('blk14lot123', '61.20', '734.40', 0, 0, '0.00', '0.00', '0.00', '0.00', '0.00', '0.00', 'N/A', '0.00', '', '0000-00-00'),
('blk14lot124', '68.40', '820.80', 0, 0, '0.00', '0.00', '0.00', '0.00', '0.00', '0.00', 'N/A', '0.00', '', '0000-00-00'),
('blk14lot125', '77.40', '928.80', 0, 0, '0.00', '0.00', '0.00', '0.00', '0.00', '0.00', 'N/A', '0.00', '', '0000-00-00'),
('blk14lot126', '216.00', '2592.00', 0, 0, '0.00', '0.00', '0.00', '0.00', '0.00', '0.00', 'N/A', '0.00', '', '0000-00-00'),
('blk14lot127', '61.20', '734.40', 0, 0, '0.00', '0.00', '0.00', '0.00', '0.00', '0.00', 'N/A', '0.00', '', '0000-00-00'),
('blk14lot13', '693.00', '8316.00', 0, 0, '0.00', '0.00', '0.00', '0.00', '0.00', '0.00', 'N/A', '0.00', '', '0000-00-00'),
('blk14lot14', '730.80', '8769.60', 0, 0, '0.00', '0.00', '0.00', '0.00', '0.00', '0.00', 'N/A', '0.00', '', '0000-00-00'),
('blk14lot15', '851.40', '10216.80', 0, 0, '0.00', '0.00', '0.00', '0.00', '0.00', '0.00', 'N/A', '0.00', '', '0000-00-00'),
('blk14lot16', '541.80', '6501.60', 0, 0, '0.00', '0.00', '0.00', '0.00', '0.00', '0.00', 'N/A', '0.00', '', '0000-00-00'),
('blk14lot17', '797.40', '9568.80', 0, 0, '0.00', '0.00', '0.00', '0.00', '0.00', '0.00', 'N/A', '0.00', '', '0000-00-00'),
('blk14lot18', '759.60', '9115.20', 0, 0, '0.00', '0.00', '0.00', '0.00', '0.00', '0.00', 'N/A', '0.00', '', '0000-00-00'),
('blk14lot19', '752.40', '9028.80', 0, 0, '0.00', '0.00', '0.00', '0.00', '0.00', '0.00', 'N/A', '0.00', '', '0000-00-00'),
('blk14lot2', '804.60', '9655.20', 0, 0, '0.00', '0.00', '0.00', '0.00', '0.00', '0.00', 'N/A', '0.00', '', '0000-00-00'),
('blk14lot20', '747.00', '8964.00', 0, 0, '0.00', '0.00', '0.00', '0.00', '0.00', '0.00', 'N/A', '0.00', '', '0000-00-00'),
('blk14lot21', '554.40', '6652.80', 0, 0, '0.00', '0.00', '0.00', '0.00', '0.00', '0.00', 'N/A', '0.00', '', '0000-00-00'),
('blk14lot22', '460.80', '5529.60', 0, 0, '0.00', '0.00', '0.00', '0.00', '0.00', '0.00', 'N/A', '0.00', '', '0000-00-00'),
('blk14lot23', '433.80', '5205.60', 0, 0, '0.00', '0.00', '0.00', '0.00', '0.00', '0.00', 'N/A', '0.00', '', '0000-00-00'),
('blk14lot24', '410.40', '4924.80', 0, 0, '0.00', '0.00', '0.00', '0.00', '0.00', '0.00', 'N/A', '0.00', '', '0000-00-00'),
('blk14lot25', '509.40', '6112.80', 0, 0, '0.00', '0.00', '0.00', '0.00', '0.00', '0.00', 'N/A', '0.00', '', '0000-00-00'),
('blk14lot26', '651.60', '7819.20', 0, 0, '0.00', '0.00', '0.00', '0.00', '0.00', '0.00', 'N/A', '0.00', '', '0000-00-00'),
('blk14lot27', '765.00', '9180.00', 0, 0, '0.00', '0.00', '0.00', '0.00', '0.00', '0.00', 'N/A', '0.00', '', '0000-00-00'),
('blk14lot28', '491.40', '5896.80', 0, 0, '0.00', '0.00', '0.00', '0.00', '0.00', '0.00', 'N/A', '0.00', '', '0000-00-00'),
('blk14lot29', '491.40', '5896.80', 0, 0, '0.00', '0.00', '0.00', '0.00', '0.00', '0.00', 'N/A', '0.00', '', '0000-00-00'),
('blk14lot3', '633.60', '7603.20', 0, 0, '0.00', '0.00', '0.00', '0.00', '0.00', '0.00', 'N/A', '0.00', '', '0000-00-00'),
('blk14lot30', '491.40', '5896.80', 0, 0, '0.00', '0.00', '0.00', '0.00', '0.00', '0.00', 'N/A', '0.00', '', '0000-00-00'),
('blk14lot31', '491.40', '5896.80', 0, 0, '0.00', '0.00', '0.00', '0.00', '0.00', '0.00', 'N/A', '0.00', '', '0000-00-00'),
('blk14lot32', '491.40', '5896.80', 0, 0, '0.00', '0.00', '0.00', '0.00', '0.00', '0.00', 'N/A', '0.00', '', '0000-00-00'),
('blk14lot33', '491.40', '5896.80', 0, 0, '0.00', '0.00', '0.00', '0.00', '0.00', '0.00', 'N/A', '0.00', '', '0000-00-00'),
('blk14lot34', '491.40', '5896.80', 0, 0, '0.00', '0.00', '0.00', '0.00', '0.00', '0.00', 'N/A', '0.00', '', '0000-00-00'),
('blk14lot35', '491.40', '5896.80', 0, 0, '0.00', '0.00', '0.00', '0.00', '0.00', '0.00', 'N/A', '0.00', '', '0000-00-00'),
('blk14lot36', '491.40', '5896.80', 0, 0, '0.00', '0.00', '0.00', '0.00', '0.00', '0.00', 'N/A', '0.00', '', '0000-00-00'),
('blk14lot37', '491.40', '5896.80', 0, 0, '0.00', '0.00', '0.00', '0.00', '0.00', '0.00', 'N/A', '0.00', '', '0000-00-00'),
('blk14lot38', '491.40', '5896.80', 0, 0, '0.00', '0.00', '0.00', '0.00', '0.00', '0.00', 'N/A', '0.00', '', '0000-00-00'),
('blk14lot39', '540.00', '6480.00', 0, 0, '0.00', '0.00', '0.00', '0.00', '0.00', '0.00', 'N/A', '0.00', '', '0000-00-00'),
('blk14lot4', '541.80', '6501.60', 0, 0, '0.00', '0.00', '0.00', '0.00', '0.00', '0.00', 'N/A', '0.00', '', '0000-00-00'),
('blk14lot40', '592.20', '7106.40', 0, 0, '0.00', '0.00', '0.00', '0.00', '0.00', '0.00', 'N/A', '0.00', '', '0000-00-00'),
('blk14lot41', '637.20', '7646.40', 0, 0, '0.00', '0.00', '0.00', '0.00', '0.00', '0.00', 'N/A', '0.00', '', '0000-00-00'),
('blk14lot42', '1157.40', '13888.80', 0, 0, '0.00', '0.00', '0.00', '0.00', '0.00', '0.00', 'N/A', '0.00', '', '0000-00-00'),
('blk14lot43', '747.00', '8964.00', 0, 0, '0.00', '0.00', '0.00', '0.00', '0.00', '0.00', 'N/A', '0.00', '', '0000-00-00'),
('blk14lot44', '810.00', '9720.00', 0, 0, '0.00', '0.00', '0.00', '0.00', '0.00', '0.00', 'N/A', '0.00', '', '0000-00-00'),
('blk14lot45', '412.20', '4946.40', 0, 0, '0.00', '0.00', '0.00', '0.00', '0.00', '0.00', 'N/A', '0.00', '', '0000-00-00'),
('blk14lot46', '412.20', '4946.40', 0, 0, '0.00', '0.00', '0.00', '0.00', '0.00', '0.00', 'N/A', '0.00', '', '0000-00-00'),
('blk14lot47', '676.80', '8121.60', 0, 0, '0.00', '0.00', '0.00', '0.00', '0.00', '0.00', 'N/A', '0.00', '', '0000-00-00'),
('blk14lot48', '394.20', '4730.40', 0, 0, '0.00', '0.00', '0.00', '0.00', '0.00', '0.00', 'N/A', '0.00', '', '0000-00-00'),
('blk14lot49', '460.80', '5529.60', 0, 0, '0.00', '0.00', '0.00', '0.00', '0.00', '0.00', 'N/A', '0.00', '', '0000-00-00'),
('blk14lot5', '486.00', '5832.00', 0, 0, '0.00', '0.00', '0.00', '0.00', '0.00', '0.00', 'N/A', '0.00', '', '0000-00-00'),
('blk14lot50', '392.40', '4708.80', 0, 0, '0.00', '0.00', '0.00', '0.00', '0.00', '0.00', 'N/A', '0.00', '', '0000-00-00'),
('blk14lot51', '392.40', '4708.80', 0, 0, '0.00', '0.00', '0.00', '0.00', '0.00', '0.00', 'N/A', '0.00', '', '0000-00-00'),
('blk14lot52', '408.60', '4903.20', 0, 0, '0.00', '0.00', '0.00', '0.00', '0.00', '0.00', 'N/A', '0.00', '', '0000-00-00'),
('blk14lot53', '405.00', '4860.00', 0, 0, '0.00', '0.00', '0.00', '0.00', '0.00', '0.00', 'N/A', '0.00', '', '0000-00-00'),
('blk14lot54', '509.40', '6112.80', 0, 0, '0.00', '0.00', '0.00', '0.00', '0.00', '0.00', 'N/A', '0.00', '', '0000-00-00'),
('blk14lot55', '644.40', '7732.80', 0, 0, '0.00', '0.00', '0.00', '0.00', '0.00', '0.00', 'N/A', '0.00', '', '0000-00-00'),
('blk14lot56', '597.60', '7171.20', 0, 0, '0.00', '0.00', '0.00', '0.00', '0.00', '0.00', 'N/A', '0.00', '', '0000-00-00'),
('blk14lot57', '437.40', '5248.80', 0, 0, '0.00', '0.00', '0.00', '0.00', '0.00', '0.00', 'N/A', '0.00', '', '0000-00-00'),
('blk14lot58', '383.40', '4600.80', 0, 0, '0.00', '0.00', '0.00', '0.00', '0.00', '0.00', 'N/A', '0.00', '', '0000-00-00'),
('blk14lot59', '369.00', '4428.00', 0, 0, '0.00', '0.00', '0.00', '0.00', '0.00', '0.00', 'N/A', '0.00', '', '0000-00-00'),
('blk14lot6', '435.60', '5227.20', 0, 0, '0.00', '0.00', '0.00', '0.00', '0.00', '0.00', 'N/A', '0.00', '', '0000-00-00'),
('blk14lot60', '379.80', '4557.60', 0, 0, '0.00', '0.00', '0.00', '0.00', '0.00', '0.00', 'N/A', '0.00', '', '0000-00-00'),
('blk14lot61', '583.20', '6998.40', 0, 0, '0.00', '0.00', '0.00', '0.00', '0.00', '0.00', 'N/A', '0.00', '', '0000-00-00'),
('blk14lot62', '487.80', '5853.60', 0, 0, '0.00', '0.00', '0.00', '0.00', '0.00', '0.00', 'N/A', '0.00', '', '0000-00-00'),
('blk14lot63', '469.80', '5637.60', 0, 0, '0.00', '0.00', '0.00', '0.00', '0.00', '0.00', 'N/A', '0.00', '', '0000-00-00'),
('blk14lot64', '428.40', '5140.80', 0, 0, '0.00', '0.00', '0.00', '0.00', '0.00', '0.00', 'N/A', '0.00', '', '0000-00-00'),
('blk14lot65', '410.40', '4924.80', 0, 0, '0.00', '0.00', '0.00', '0.00', '0.00', '0.00', 'N/A', '0.00', '', '0000-00-00'),
('blk14lot66', '410.40', '4924.80', 0, 0, '0.00', '0.00', '0.00', '0.00', '0.00', '0.00', 'N/A', '0.00', '', '0000-00-00'),
('blk14lot67', '482.40', '5788.80', 0, 0, '0.00', '0.00', '0.00', '0.00', '0.00', '0.00', 'N/A', '0.00', '', '0000-00-00'),
('blk14lot68', '504.00', '6048.00', 0, 0, '0.00', '0.00', '0.00', '0.00', '0.00', '0.00', 'N/A', '0.00', '', '0000-00-00'),
('blk14lot69', '502.20', '6026.40', 0, 0, '0.00', '0.00', '0.00', '0.00', '0.00', '0.00', 'N/A', '0.00', '', '0000-00-00'),
('blk14lot7', '527.40', '6328.80', 0, 0, '0.00', '0.00', '0.00', '0.00', '0.00', '0.00', 'N/A', '0.00', '', '0000-00-00'),
('blk14lot70', '572.40', '6868.80', 0, 0, '0.00', '0.00', '0.00', '0.00', '0.00', '0.00', 'N/A', '0.00', '', '0000-00-00'),
('blk14lot71', '606.60', '7279.20', 0, 0, '0.00', '0.00', '0.00', '0.00', '0.00', '0.00', 'N/A', '0.00', '', '0000-00-00'),
('blk14lot72', '878.40', '10540.80', 0, 0, '0.00', '0.00', '0.00', '0.00', '0.00', '0.00', 'N/A', '0.00', '', '0000-00-00'),
('blk14lot73', '878.40', '10540.80', 0, 0, '0.00', '0.00', '0.00', '0.00', '0.00', '0.00', 'N/A', '0.00', '', '0000-00-00'),
('blk14lot74', '901.80', '10821.60', 0, 0, '0.00', '0.00', '0.00', '0.00', '0.00', '0.00', 'N/A', '0.00', '', '0000-00-00'),
('blk14lot75', '691.20', '8294.40', 0, 0, '0.00', '0.00', '0.00', '0.00', '0.00', '0.00', 'N/A', '0.00', '', '0000-00-00'),
('blk14lot76', '705.60', '8467.20', 0, 0, '0.00', '0.00', '0.00', '0.00', '0.00', '0.00', 'N/A', '0.00', '', '0000-00-00'),
('blk14lot77', '1006.20', '12074.40', 0, 0, '0.00', '0.00', '0.00', '0.00', '0.00', '0.00', 'N/A', '0.00', '', '0000-00-00'),
('blk14lot78', '813.60', '9763.20', 0, 0, '0.00', '0.00', '0.00', '0.00', '0.00', '0.00', 'N/A', '0.00', '', '0000-00-00'),
('blk14lot79', '730.80', '8769.60', 0, 0, '0.00', '0.00', '0.00', '0.00', '0.00', '0.00', 'N/A', '0.00', '', '0000-00-00'),
('blk14lot8', '565.20', '6782.40', 0, 0, '0.00', '0.00', '0.00', '0.00', '0.00', '0.00', 'N/A', '0.00', '', '0000-00-00'),
('blk14lot80', '617.40', '7408.80', 0, 0, '0.00', '0.00', '0.00', '0.00', '0.00', '0.00', 'N/A', '0.00', '', '0000-00-00'),
('blk14lot81', '441.00', '5292.00', 0, 0, '0.00', '0.00', '0.00', '0.00', '0.00', '0.00', 'N/A', '0.00', '', '0000-00-00'),
('blk14lot82', '642.60', '7711.20', 0, 0, '0.00', '0.00', '0.00', '0.00', '0.00', '0.00', 'N/A', '0.00', '', '0000-00-00'),
('blk14lot83', '802.80', '9633.60', 0, 0, '0.00', '0.00', '0.00', '0.00', '0.00', '0.00', 'N/A', '0.00', '', '0000-00-00'),
('blk14lot84', '802.80', '9633.60', 0, 0, '0.00', '0.00', '0.00', '0.00', '0.00', '0.00', 'N/A', '0.00', '', '0000-00-00'),
('blk14lot85', '590.40', '7084.80', 0, 0, '0.00', '0.00', '0.00', '0.00', '0.00', '0.00', 'N/A', '0.00', '', '0000-00-00'),
('blk14lot86', '617.40', '7408.80', 0, 0, '0.00', '0.00', '0.00', '0.00', '0.00', '0.00', 'N/A', '0.00', '', '0000-00-00'),
('blk14lot87', '684.00', '8208.00', 0, 0, '0.00', '0.00', '0.00', '0.00', '0.00', '0.00', 'N/A', '0.00', '', '0000-00-00'),
('blk14lot88', '781.20', '9374.40', 0, 0, '0.00', '0.00', '0.00', '0.00', '0.00', '0.00', 'N/A', '0.00', '', '0000-00-00'),
('blk14lot89', '801.00', '9612.00', 0, 0, '0.00', '0.00', '0.00', '0.00', '0.00', '0.00', 'N/A', '0.00', '', '0000-00-00'),
('blk14lot9', '513.00', '6156.00', 0, 0, '0.00', '0.00', '0.00', '0.00', '0.00', '0.00', 'N/A', '0.00', '', '0000-00-00'),
('blk14lot90', '703.80', '8445.60', 0, 0, '0.00', '0.00', '0.00', '0.00', '0.00', '0.00', 'N/A', '0.00', '', '0000-00-00'),
('blk14lot91', '583.20', '6998.40', 0, 0, '0.00', '0.00', '0.00', '0.00', '0.00', '0.00', 'N/A', '0.00', '', '0000-00-00'),
('blk14lot92', '531.00', '6372.00', 0, 0, '0.00', '0.00', '0.00', '0.00', '0.00', '0.00', 'N/A', '0.00', '', '0000-00-00'),
('blk14lot93', '568.80', '6825.60', 0, 0, '0.00', '0.00', '0.00', '0.00', '0.00', '0.00', 'N/A', '0.00', '', '0000-00-00'),
('blk14lot94', '527.40', '6328.80', 0, 0, '0.00', '0.00', '0.00', '0.00', '0.00', '0.00', 'N/A', '0.00', '', '0000-00-00'),
('blk14lot95', '527.40', '6328.80', 0, 0, '0.00', '0.00', '0.00', '0.00', '0.00', '0.00', 'N/A', '0.00', '', '0000-00-00'),
('blk14lot96', '711.00', '8532.00', 0, 0, '0.00', '0.00', '0.00', '0.00', '0.00', '0.00', 'N/A', '0.00', '', '0000-00-00'),
('blk14lot97', '507.60', '6091.20', 0, 0, '0.00', '0.00', '0.00', '0.00', '0.00', '0.00', 'N/A', '0.00', '', '0000-00-00'),
('blk14lot98', '430.20', '5162.40', 0, 0, '0.00', '0.00', '0.00', '0.00', '0.00', '0.00', 'N/A', '0.00', '', '0000-00-00'),
('blk14lot99', '379.80', '4557.60', 0, 0, '0.00', '0.00', '0.00', '0.00', '0.00', '0.00', 'N/A', '0.00', '', '0000-00-00'),
('blk15lot1', '725.40', '8704.80', 0, 0, '0.00', '0.00', '0.00', '0.00', '0.00', '0.00', 'N/A', '0.00', '', '0000-00-00'),
('blk15lot10', '473.40', '5680.80', 0, 0, '0.00', '0.00', '0.00', '0.00', '0.00', '0.00', 'N/A', '0.00', '', '0000-00-00'),
('blk15lot11', '486.00', '5832.00', 0, 0, '0.00', '0.00', '0.00', '0.00', '0.00', '0.00', 'N/A', '0.00', '', '0000-00-00'),
('blk15lot12', '468.00', '5616.00', 0, 0, '0.00', '0.00', '0.00', '0.00', '0.00', '0.00', 'N/A', '0.00', '', '0000-00-00'),
('blk15lot13', '471.60', '5659.20', 0, 0, '0.00', '0.00', '0.00', '0.00', '0.00', '0.00', 'N/A', '0.00', '', '0000-00-00'),
('blk15lot14', '432.00', '5184.00', 0, 0, '0.00', '0.00', '0.00', '0.00', '0.00', '0.00', 'N/A', '0.00', '', '0000-00-00'),
('blk15lot15', '414.00', '4968.00', 0, 0, '0.00', '0.00', '0.00', '0.00', '0.00', '0.00', 'N/A', '0.00', '', '0000-00-00'),
('blk15lot16', '437.40', '5248.80', 0, 0, '0.00', '0.00', '0.00', '0.00', '0.00', '0.00', 'N/A', '0.00', '', '0000-00-00'),
('blk15lot17', '435.60', '5227.20', 0, 0, '0.00', '0.00', '0.00', '0.00', '0.00', '0.00', 'N/A', '0.00', '', '0000-00-00'),
('blk15lot18', '909.00', '10908.00', 0, 0, '0.00', '0.00', '0.00', '0.00', '0.00', '0.00', 'N/A', '0.00', '', '0000-00-00'),
('blk15lot19', '509.40', '6112.80', 0, 0, '0.00', '0.00', '0.00', '0.00', '0.00', '0.00', 'N/A', '0.00', '', '0000-00-00'),
('blk15lot2', '756.00', '9072.00', 0, 0, '0.00', '0.00', '0.00', '0.00', '0.00', '0.00', 'N/A', '0.00', '', '0000-00-00'),
('blk15lot20', '367.20', '4406.40', 0, 0, '0.00', '0.00', '0.00', '0.00', '0.00', '0.00', 'N/A', '0.00', '', '0000-00-00'),
('blk15lot21', '594.00', '7128.00', 0, 0, '0.00', '0.00', '0.00', '0.00', '0.00', '0.00', 'N/A', '0.00', '', '0000-00-00'),
('blk15lot22', '367.20', '4406.40', 0, 0, '0.00', '0.00', '0.00', '0.00', '0.00', '0.00', 'N/A', '0.00', '', '0000-00-00'),
('blk15lot23', '790.20', '9482.40', 0, 0, '0.00', '0.00', '0.00', '0.00', '0.00', '0.00', 'N/A', '0.00', '', '0000-00-00'),
('blk15lot24', '464.40', '5572.80', 0, 0, '0.00', '0.00', '0.00', '0.00', '0.00', '0.00', 'N/A', '0.00', '', '0000-00-00'),
('blk15lot25', '761.40', '9136.80', 0, 0, '0.00', '0.00', '0.00', '0.00', '0.00', '0.00', 'N/A', '0.00', '', '0000-00-00'),
('blk15lot26', '401.40', '4816.80', 0, 0, '0.00', '0.00', '0.00', '0.00', '0.00', '0.00', 'N/A', '0.00', '', '0000-00-00'),
('blk15lot27', '754.20', '9050.40', 0, 0, '0.00', '0.00', '0.00', '0.00', '0.00', '0.00', 'N/A', '0.00', '', '0000-00-00'),
('blk15lot3', '511.20', '6134.40', 0, 0, '0.00', '0.00', '0.00', '0.00', '0.00', '0.00', 'N/A', '0.00', '', '0000-00-00'),
('blk15lot4', '451.80', '5421.60', 0, 0, '0.00', '0.00', '0.00', '0.00', '0.00', '0.00', 'N/A', '0.00', '', '0000-00-00'),
('blk15lot5', '480.60', '5767.20', 0, 0, '0.00', '0.00', '0.00', '0.00', '0.00', '0.00', 'N/A', '0.00', '', '0000-00-00'),
('blk15lot6', '435.60', '5227.20', 0, 0, '0.00', '0.00', '0.00', '0.00', '0.00', '0.00', 'N/A', '0.00', '', '0000-00-00'),
('blk15lot7', '495.00', '5940.00', 0, 0, '0.00', '0.00', '0.00', '0.00', '0.00', '0.00', 'N/A', '0.00', '', '0000-00-00'),
('blk15lot8', '455.40', '5464.80', 0, 0, '0.00', '0.00', '0.00', '0.00', '0.00', '0.00', 'N/A', '0.00', '', '0000-00-00'),
('blk15lot9', '496.80', '5961.60', 0, 0, '0.00', '0.00', '0.00', '0.00', '0.00', '0.00', 'N/A', '0.00', '', '0000-00-00'),
('blk16', '5553.00', '66636.00', 0, 0, '0.00', '0.00', '0.00', '0.00', '0.00', '0.00', 'N/A', '0.00', '', '0000-00-00'),
('blk17lot1', '777.60', '9331.20', 0, 0, '0.00', '0.00', '0.00', '0.00', '0.00', '0.00', 'N/A', '0.00', '', '0000-00-00'),
('blk17lot10', '412.20', '4946.40', 0, 0, '0.00', '0.00', '0.00', '0.00', '0.00', '0.00', 'N/A', '0.00', '', '0000-00-00'),
('blk17lot11', '572.40', '6868.80', 0, 0, '0.00', '0.00', '0.00', '0.00', '0.00', '0.00', 'N/A', '0.00', '', '0000-00-00'),
('blk17lot12', '943.20', '11318.40', 0, 0, '0.00', '0.00', '0.00', '0.00', '0.00', '0.00', 'N/A', '0.00', '', '0000-00-00'),
('blk17lot13', '577.80', '6933.60', 0, 0, '0.00', '0.00', '0.00', '0.00', '0.00', '0.00', 'N/A', '0.00', '', '0000-00-00'),
('blk17lot14', '592.20', '7106.40', 0, 0, '0.00', '0.00', '0.00', '0.00', '0.00', '0.00', 'N/A', '0.00', '', '0000-00-00'),
('blk17lot15', '439.20', '5270.40', 0, 0, '0.00', '0.00', '0.00', '0.00', '0.00', '0.00', 'N/A', '0.00', '', '0000-00-00'),
('blk17lot16', '464.40', '5572.80', 0, 0, '0.00', '0.00', '0.00', '0.00', '0.00', '0.00', 'N/A', '0.00', '', '0000-00-00'),
('blk17lot17', '388.80', '4665.60', 0, 0, '0.00', '0.00', '0.00', '0.00', '0.00', '0.00', 'N/A', '0.00', '', '0000-00-00'),
('blk17lot18', '410.40', '4924.80', 0, 0, '0.00', '0.00', '0.00', '0.00', '0.00', '0.00', 'N/A', '0.00', '', '0000-00-00'),
('blk17lot19', '723.60', '8683.20', 0, 0, '0.00', '0.00', '0.00', '0.00', '0.00', '0.00', 'N/A', '0.00', '', '0000-00-00'),
('blk17lot2', '747.00', '8964.00', 0, 0, '0.00', '0.00', '0.00', '0.00', '0.00', '0.00', 'N/A', '0.00', '', '0000-00-00'),
('blk17lot3', '374.40', '4492.80', 0, 0, '0.00', '0.00', '0.00', '0.00', '0.00', '0.00', 'N/A', '0.00', '', '0000-00-00'),
('blk17lot4', '448.20', '5378.40', 0, 0, '0.00', '0.00', '0.00', '0.00', '0.00', '0.00', 'N/A', '0.00', '', '0000-00-00'),
('blk17lot5', '367.20', '4406.40', 0, 0, '0.00', '0.00', '0.00', '0.00', '0.00', '0.00', 'N/A', '0.00', '', '0000-00-00'),
('blk17lot6', '401.40', '4816.80', 0, 0, '0.00', '0.00', '0.00', '0.00', '0.00', '0.00', 'N/A', '0.00', '', '0000-00-00'),
('blk17lot7', '378.00', '4536.00', 0, 0, '0.00', '0.00', '0.00', '0.00', '0.00', '0.00', 'N/A', '0.00', '', '0000-00-00'),
('blk17lot8', '417.60', '5011.20', 0, 0, '0.00', '0.00', '0.00', '0.00', '0.00', '0.00', 'N/A', '0.00', '', '0000-00-00'),
('blk17lot9', '421.20', '5054.40', 0, 0, '0.00', '0.00', '0.00', '0.00', '0.00', '0.00', 'N/A', '0.00', '', '0000-00-00'),
('blk18lot1', '838.80', '10065.60', 0, 0, '0.00', '0.00', '0.00', '0.00', '0.00', '0.00', 'N/A', '0.00', '', '0000-00-00'),
('blk18lot10', '360.00', '4320.00', 0, 0, '0.00', '0.00', '0.00', '0.00', '0.00', '0.00', 'N/A', '0.00', '', '0000-00-00'),
('blk18lot11', '367.20', '4406.40', 0, 0, '0.00', '0.00', '0.00', '0.00', '0.00', '0.00', 'N/A', '0.00', '', '0000-00-00'),
('blk18lot12', '379.80', '4557.60', 0, 0, '0.00', '0.00', '0.00', '0.00', '0.00', '0.00', 'N/A', '0.00', '', '0000-00-00'),
('blk18lot13', '381.60', '4579.20', 0, 0, '0.00', '0.00', '0.00', '0.00', '0.00', '0.00', 'N/A', '0.00', '', '0000-00-00'),
('blk18lot14', '415.80', '4989.60', 0, 0, '0.00', '0.00', '0.00', '0.00', '0.00', '0.00', 'N/A', '0.00', '', '0000-00-00'),
('blk18lot15', '396.00', '4752.00', 0, 0, '0.00', '0.00', '0.00', '0.00', '0.00', '0.00', 'N/A', '0.00', '', '0000-00-00'),
('blk18lot16', '545.40', '6544.80', 0, 0, '0.00', '0.00', '0.00', '0.00', '0.00', '0.00', 'N/A', '0.00', '', '0000-00-00'),
('blk18lot17', '451.80', '5421.60', 0, 0, '0.00', '0.00', '0.00', '0.00', '0.00', '0.00', 'N/A', '0.00', '', '0000-00-00'),
('blk18lot18', '909.00', '10908.00', 0, 0, '0.00', '0.00', '0.00', '0.00', '0.00', '0.00', 'N/A', '0.00', '', '0000-00-00'),
('blk18lot19', '788.40', '9460.80', 0, 0, '0.00', '0.00', '0.00', '0.00', '0.00', '0.00', 'N/A', '0.00', '', '0000-00-00'),
('blk18lot2', '601.20', '7214.40', 0, 0, '0.00', '0.00', '0.00', '0.00', '0.00', '0.00', 'N/A', '0.00', '', '0000-00-00'),
('blk18lot3', '381.60', '4579.20', 0, 0, '0.00', '0.00', '0.00', '0.00', '0.00', '0.00', 'N/A', '0.00', '', '0000-00-00'),
('blk18lot4', '383.40', '4600.80', 0, 0, '0.00', '0.00', '0.00', '0.00', '0.00', '0.00', 'N/A', '0.00', '', '0000-00-00'),
('blk18lot5', '374.40', '4492.80', 0, 0, '0.00', '0.00', '0.00', '0.00', '0.00', '0.00', 'N/A', '0.00', '', '0000-00-00'),
('blk18lot6', '363.60', '4363.20', 0, 0, '0.00', '0.00', '0.00', '0.00', '0.00', '0.00', 'N/A', '0.00', '', '0000-00-00'),
('blk18lot7', '369.00', '4428.00', 0, 0, '0.00', '0.00', '0.00', '0.00', '0.00', '0.00', 'N/A', '0.00', '', '0000-00-00'),
('blk18lot8', '363.60', '4363.20', 0, 0, '0.00', '0.00', '0.00', '0.00', '0.00', '0.00', 'N/A', '0.00', '', '0000-00-00'),
('blk18lot9', '376.20', '4514.40', 0, 0, '0.00', '0.00', '0.00', '0.00', '0.00', '0.00', 'N/A', '0.00', '', '0000-00-00'),
('blk19lot1', '1040.40', '12484.80', 0, 0, '0.00', '0.00', '0.00', '0.00', '0.00', '0.00', 'N/A', '0.00', '', '0000-00-00'),
('blk19lot10', '829.80', '9957.60', 0, 0, '0.00', '0.00', '0.00', '0.00', '0.00', '0.00', 'N/A', '0.00', '', '0000-00-00'),
('blk19lot11', '765.00', '9180.00', 0, 0, '0.00', '0.00', '0.00', '0.00', '0.00', '0.00', 'N/A', '0.00', '', '0000-00-00'),
('blk19lot2', '477.00', '5724.00', 0, 0, '0.00', '0.00', '0.00', '0.00', '0.00', '0.00', 'N/A', '0.00', '', '0000-00-00'),
('blk19lot3', '433.80', '5205.60', 0, 0, '0.00', '0.00', '0.00', '0.00', '0.00', '0.00', 'N/A', '0.00', '', '0000-00-00'),
('blk19lot4', '460.80', '5529.60', 0, 0, '0.00', '0.00', '0.00', '0.00', '0.00', '0.00', 'N/A', '0.00', '', '0000-00-00'),
('blk19lot5', '390.60', '4687.20', 0, 0, '0.00', '0.00', '0.00', '0.00', '0.00', '0.00', 'N/A', '0.00', '', '0000-00-00'),
('blk19lot6', '468.00', '5616.00', 0, 0, '0.00', '0.00', '0.00', '0.00', '0.00', '0.00', 'N/A', '0.00', '', '0000-00-00'),
('blk19lot7', '397.80', '4773.60', 0, 0, '0.00', '0.00', '0.00', '0.00', '0.00', '0.00', 'N/A', '0.00', '', '0000-00-00'),
('blk19lot8', '403.20', '4838.40', 0, 0, '0.00', '0.00', '0.00', '0.00', '0.00', '0.00', 'N/A', '0.00', '', '0000-00-00'),
('blk19lot9', '401.40', '4816.80', 0, 0, '0.00', '0.00', '0.00', '0.00', '0.00', '0.00', 'N/A', '0.00', '', '0000-00-00'),
('blk1lot1', '480.60', '5767.20', 272, 0, '130723.20', '32100.00', '3300.00', '1200.00', '4300.00', '25700.00', 'outdated', '105023.20', 'wer', '2000-10-10'),
('blk1lot10', '1065.60', '12787.20', 0, 0, '0.00', '0.00', '0.00', '0.00', '0.00', '0.00', 'N/A', '0.00', '', '0000-00-00'),
('blk1lot11', '970.20', '11642.40', 0, 0, '0.00', '0.00', '0.00', '0.00', '0.00', '0.00', 'N/A', '0.00', '', '0000-00-00'),
('blk1lot12', '948.60', '11383.20', 0, 0, '0.00', '0.00', '0.00', '0.00', '0.00', '0.00', 'N/A', '0.00', '', '0000-00-00'),
('blk1lot2', '1087.20', '13046.40', 258, 0, '280497.60', '200.00', '0.00', '0.00', '0.00', '200.00', 'outdated', '280297.60', 'ewrw', '2001-11-10'),
('blk1lot3', '932.40', '11188.80', 223, 0, '207925.20', '1000.00', '98.00', '100.00', '2.00', '1000.00', 'outdated', '206925.20', '234234', '2004-10-10'),
('blk1lot4', '945.00', '11340.00', 28, 0, '26460.00', '0.00', '0.00', '0.00', '0.00', '0.00', 'outdated', '26460.00', '234234', '2020-10-10'),
('blk1lot5', '988.20', '11858.40', 257, 0, '253967.40', '0.00', '0.00', '0.00', '0.00', '0.00', 'outdated', '253967.40', '', '2001-12-10'),
('blk1lot6', '1035.00', '12420.00', 233, 0, '241155.00', '0.00', '0.00', '0.00', '0.00', '0.00', 'outdated', '241155.00', '123', '2003-12-10'),
('blk1lot7', '1173.60', '14083.20', 0, 0, '0.00', '0.00', '0.00', '0.00', '0.00', '0.00', 'N/A', '0.00', '', '0000-00-00'),
('blk1lot8', '1411.20', '16934.40', 0, 0, '0.00', '0.00', '0.00', '0.00', '0.00', '0.00', 'N/A', '0.00', '', '0000-00-00'),
('blk1lot9', '1072.80', '12873.60', 0, 0, '0.00', '0.00', '0.00', '0.00', '0.00', '0.00', 'N/A', '0.00', '', '0000-00-00'),
('blk20lot1', '484.20', '5810.40', 0, 0, '0.00', '0.00', '0.00', '0.00', '0.00', '0.00', 'N/A', '0.00', '', '0000-00-00'),
('blk20lot10', '808.20', '9698.40', 0, 0, '0.00', '0.00', '0.00', '0.00', '0.00', '0.00', 'N/A', '0.00', '', '0000-00-00'),
('blk20lot11', '792.00', '9504.00', 0, 0, '0.00', '0.00', '0.00', '0.00', '0.00', '0.00', 'N/A', '0.00', '', '0000-00-00'),
('blk20lot2', '829.80', '9957.60', 0, 0, '0.00', '0.00', '0.00', '0.00', '0.00', '0.00', 'N/A', '0.00', '', '0000-00-00'),
('blk20lot3', '612.00', '7344.00', 0, 0, '0.00', '0.00', '0.00', '0.00', '0.00', '0.00', 'N/A', '0.00', '', '0000-00-00'),
('blk20lot4', '394.20', '4730.40', 0, 0, '0.00', '0.00', '0.00', '0.00', '0.00', '0.00', 'N/A', '0.00', '', '0000-00-00'),
('blk20lot5', '432.00', '5184.00', 0, 0, '0.00', '0.00', '0.00', '0.00', '0.00', '0.00', 'N/A', '0.00', '', '0000-00-00'),
('blk20lot6', '1020.60', '12247.20', 0, 0, '0.00', '0.00', '0.00', '0.00', '0.00', '0.00', 'N/A', '0.00', '', '0000-00-00'),
('blk20lot7', '462.60', '5551.20', 0, 0, '0.00', '0.00', '0.00', '0.00', '0.00', '0.00', 'N/A', '0.00', '', '0000-00-00'),
('blk20lot8', '455.40', '5464.80', 0, 0, '0.00', '0.00', '0.00', '0.00', '0.00', '0.00', 'N/A', '0.00', '', '0000-00-00'),
('blk20lot9', '720.00', '8640.00', 0, 0, '0.00', '0.00', '0.00', '0.00', '0.00', '0.00', 'N/A', '0.00', '', '0000-00-00'),
('blk21lot1', '792.00', '9504.00', 0, 0, '0.00', '0.00', '0.00', '0.00', '0.00', '0.00', 'N/A', '0.00', '', '0000-00-00'),
('blk21lot10', '478.80', '5745.60', 0, 0, '0.00', '0.00', '0.00', '0.00', '0.00', '0.00', 'N/A', '0.00', '', '0000-00-00'),
('blk21lot11', '408.60', '4903.20', 0, 0, '0.00', '0.00', '0.00', '0.00', '0.00', '0.00', 'N/A', '0.00', '', '0000-00-00'),
('blk21lot12', '444.60', '5335.20', 0, 0, '0.00', '0.00', '0.00', '0.00', '0.00', '0.00', 'N/A', '0.00', '', '0000-00-00'),
('blk21lot13', '430.20', '5162.40', 0, 0, '0.00', '0.00', '0.00', '0.00', '0.00', '0.00', 'N/A', '0.00', '', '0000-00-00'),
('blk21lot14', '412.20', '4946.40', 0, 0, '0.00', '0.00', '0.00', '0.00', '0.00', '0.00', 'N/A', '0.00', '', '0000-00-00'),
('blk21lot15', '383.40', '4600.80', 0, 0, '0.00', '0.00', '0.00', '0.00', '0.00', '0.00', 'N/A', '0.00', '', '0000-00-00'),
('blk21lot16', '417.60', '5011.20', 0, 0, '0.00', '0.00', '0.00', '0.00', '0.00', '0.00', 'N/A', '0.00', '', '0000-00-00'),
('blk21lot17', '392.40', '4708.80', 0, 0, '0.00', '0.00', '0.00', '0.00', '0.00', '0.00', 'N/A', '0.00', '', '0000-00-00'),
('blk21lot18', '410.40', '4924.80', 0, 0, '0.00', '0.00', '0.00', '0.00', '0.00', '0.00', 'N/A', '0.00', '', '0000-00-00'),
('blk21lot19', '390.60', '4687.20', 0, 0, '0.00', '0.00', '0.00', '0.00', '0.00', '0.00', 'N/A', '0.00', '', '0000-00-00'),
('blk21lot2', '898.20', '10778.40', 0, 0, '0.00', '0.00', '0.00', '0.00', '0.00', '0.00', 'N/A', '0.00', '', '0000-00-00'),
('blk21lot20', '430.20', '5162.40', 0, 0, '0.00', '0.00', '0.00', '0.00', '0.00', '0.00', 'N/A', '0.00', '', '0000-00-00'),
('blk21lot21', '397.80', '4773.60', 0, 0, '0.00', '0.00', '0.00', '0.00', '0.00', '0.00', 'N/A', '0.00', '', '0000-00-00'),
('blk21lot22', '406.80', '4881.60', 0, 0, '0.00', '0.00', '0.00', '0.00', '0.00', '0.00', 'N/A', '0.00', '', '0000-00-00'),
('blk21lot23', '405.00', '4860.00', 0, 0, '0.00', '0.00', '0.00', '0.00', '0.00', '0.00', 'N/A', '0.00', '', '0000-00-00'),
('blk21lot24', '403.20', '4838.40', 0, 0, '0.00', '0.00', '0.00', '0.00', '0.00', '0.00', 'N/A', '0.00', '', '0000-00-00'),
('blk21lot25', '543.60', '6523.20', 0, 0, '0.00', '0.00', '0.00', '0.00', '0.00', '0.00', 'N/A', '0.00', '', '0000-00-00'),
('blk21lot26', '567.00', '6804.00', 0, 0, '0.00', '0.00', '0.00', '0.00', '0.00', '0.00', 'N/A', '0.00', '', '0000-00-00'),
('blk21lot27', '853.20', '10238.40', 0, 0, '0.00', '0.00', '0.00', '0.00', '0.00', '0.00', 'N/A', '0.00', '', '0000-00-00'),
('blk21lot28', '901.80', '10821.60', 0, 0, '0.00', '0.00', '0.00', '0.00', '0.00', '0.00', 'N/A', '0.00', '', '0000-00-00'),
('blk21lot3', '419.40', '5032.80', 0, 0, '0.00', '0.00', '0.00', '0.00', '0.00', '0.00', 'N/A', '0.00', '', '0000-00-00'),
('blk21lot4', '406.80', '4881.60', 0, 0, '0.00', '0.00', '0.00', '0.00', '0.00', '0.00', 'N/A', '0.00', '', '0000-00-00'),
('blk21lot5', '516.60', '6199.20', 0, 0, '0.00', '0.00', '0.00', '0.00', '0.00', '0.00', 'N/A', '0.00', '', '0000-00-00'),
('blk21lot6', '527.40', '6328.80', 0, 0, '0.00', '0.00', '0.00', '0.00', '0.00', '0.00', 'N/A', '0.00', '', '0000-00-00'),
('blk21lot7', '439.20', '5270.40', 0, 0, '0.00', '0.00', '0.00', '0.00', '0.00', '0.00', 'N/A', '0.00', '', '0000-00-00'),
('blk21lot8', '595.80', '7149.60', 0, 0, '0.00', '0.00', '0.00', '0.00', '0.00', '0.00', 'N/A', '0.00', '', '0000-00-00'),
('blk21lot9', '451.80', '5421.60', 0, 0, '0.00', '0.00', '0.00', '0.00', '0.00', '0.00', 'N/A', '0.00', '', '0000-00-00'),
('blk22lot1', '793.80', '9525.60', 0, 0, '0.00', '0.00', '0.00', '0.00', '0.00', '0.00', 'N/A', '0.00', '', '0000-00-00'),
('blk22lot10', '367.20', '4406.40', 0, 0, '0.00', '0.00', '0.00', '0.00', '0.00', '0.00', 'N/A', '0.00', '', '0000-00-00'),
('blk22lot11', '367.20', '4406.40', 0, 0, '0.00', '0.00', '0.00', '0.00', '0.00', '0.00', 'N/A', '0.00', '', '0000-00-00'),
('blk22lot12', '367.20', '4406.40', 0, 0, '0.00', '0.00', '0.00', '0.00', '0.00', '0.00', 'N/A', '0.00', '', '0000-00-00'),
('blk22lot13', '367.20', '4406.40', 0, 0, '0.00', '0.00', '0.00', '0.00', '0.00', '0.00', 'N/A', '0.00', '', '0000-00-00'),
('blk22lot14', '367.20', '4406.40', 0, 0, '0.00', '0.00', '0.00', '0.00', '0.00', '0.00', 'N/A', '0.00', '', '0000-00-00'),
('blk22lot15', '367.20', '4406.40', 0, 0, '0.00', '0.00', '0.00', '0.00', '0.00', '0.00', 'N/A', '0.00', '', '0000-00-00'),
('blk22lot16', '367.20', '4406.40', 0, 0, '0.00', '0.00', '0.00', '0.00', '0.00', '0.00', 'N/A', '0.00', '', '0000-00-00'),
('blk22lot17', '367.20', '4406.40', 0, 0, '0.00', '0.00', '0.00', '0.00', '0.00', '0.00', 'N/A', '0.00', '', '0000-00-00'),
('blk22lot18', '367.20', '4406.40', 0, 0, '0.00', '0.00', '0.00', '0.00', '0.00', '0.00', 'N/A', '0.00', '', '0000-00-00'),
('blk22lot19', '385.20', '4622.40', 0, 0, '0.00', '0.00', '0.00', '0.00', '0.00', '0.00', 'N/A', '0.00', '', '0000-00-00'),
('blk22lot2', '777.60', '9331.20', 0, 0, '0.00', '0.00', '0.00', '0.00', '0.00', '0.00', 'N/A', '0.00', '', '0000-00-00'),
('blk22lot20', '367.20', '4406.40', 0, 0, '0.00', '0.00', '0.00', '0.00', '0.00', '0.00', 'N/A', '0.00', '', '0000-00-00'),
('blk22lot21', '473.40', '5680.80', 0, 0, '0.00', '0.00', '0.00', '0.00', '0.00', '0.00', 'N/A', '0.00', '', '0000-00-00'),
('blk22lot22', '367.20', '4406.40', 0, 0, '0.00', '0.00', '0.00', '0.00', '0.00', '0.00', 'N/A', '0.00', '', '0000-00-00'),
('blk22lot23', '811.80', '9741.60', 0, 0, '0.00', '0.00', '0.00', '0.00', '0.00', '0.00', 'N/A', '0.00', '', '0000-00-00'),
('blk22lot24', '367.20', '4406.40', 0, 0, '0.00', '0.00', '0.00', '0.00', '0.00', '0.00', 'N/A', '0.00', '', '0000-00-00'),
('blk22lot25', '790.20', '9482.40', 0, 0, '0.00', '0.00', '0.00', '0.00', '0.00', '0.00', 'N/A', '0.00', '', '0000-00-00'),
('blk22lot3', '469.80', '5637.60', 0, 0, '0.00', '0.00', '0.00', '0.00', '0.00', '0.00', 'N/A', '0.00', '', '0000-00-00'),
('blk22lot4', '367.20', '4406.40', 0, 0, '0.00', '0.00', '0.00', '0.00', '0.00', '0.00', 'N/A', '0.00', '', '0000-00-00'),
('blk22lot5', '613.80', '7365.60', 0, 0, '0.00', '0.00', '0.00', '0.00', '0.00', '0.00', 'N/A', '0.00', '', '0000-00-00'),
('blk22lot6', '367.20', '4406.40', 0, 0, '0.00', '0.00', '0.00', '0.00', '0.00', '0.00', 'N/A', '0.00', '', '0000-00-00'),
('blk22lot7', '428.40', '5140.80', 0, 0, '0.00', '0.00', '0.00', '0.00', '0.00', '0.00', 'N/A', '0.00', '', '0000-00-00'),
('blk22lot8', '367.20', '4406.40', 0, 0, '0.00', '0.00', '0.00', '0.00', '0.00', '0.00', 'N/A', '0.00', '', '0000-00-00'),
('blk22lot9', '397.80', '4773.60', 0, 0, '0.00', '0.00', '0.00', '0.00', '0.00', '0.00', 'N/A', '0.00', '', '0000-00-00'),
('blk23lot1', '765.00', '9180.00', 0, 0, '0.00', '0.00', '0.00', '0.00', '0.00', '0.00', 'N/A', '0.00', '', '0000-00-00'),
('blk23lot10', '367.20', '4406.40', 0, 0, '0.00', '0.00', '0.00', '0.00', '0.00', '0.00', 'N/A', '0.00', '', '0000-00-00'),
('blk23lot11', '408.60', '4903.20', 0, 0, '0.00', '0.00', '0.00', '0.00', '0.00', '0.00', 'N/A', '0.00', '', '0000-00-00'),
('blk23lot12', '824.40', '9892.80', 0, 0, '0.00', '0.00', '0.00', '0.00', '0.00', '0.00', 'N/A', '0.00', '', '0000-00-00'),
('blk23lot13', '430.20', '5162.40', 0, 0, '0.00', '0.00', '0.00', '0.00', '0.00', '0.00', 'N/A', '0.00', '', '0000-00-00'),
('blk23lot14', '379.80', '4557.60', 0, 0, '0.00', '0.00', '0.00', '0.00', '0.00', '0.00', 'N/A', '0.00', '', '0000-00-00'),
('blk23lot15', '441.00', '5292.00', 0, 0, '0.00', '0.00', '0.00', '0.00', '0.00', '0.00', 'N/A', '0.00', '', '0000-00-00'),
('blk23lot16', '426.60', '5119.20', 0, 0, '0.00', '0.00', '0.00', '0.00', '0.00', '0.00', 'N/A', '0.00', '', '0000-00-00'),
('blk23lot17', '752.40', '9028.80', 0, 0, '0.00', '0.00', '0.00', '0.00', '0.00', '0.00', 'N/A', '0.00', '', '0000-00-00'),
('blk23lot18', '853.20', '10238.40', 0, 0, '0.00', '0.00', '0.00', '0.00', '0.00', '0.00', 'N/A', '0.00', '', '0000-00-00'),
('blk23lot2', '824.40', '9892.80', 0, 0, '0.00', '0.00', '0.00', '0.00', '0.00', '0.00', 'N/A', '0.00', '', '0000-00-00'),
('blk23lot3', '558.00', '6696.00', 0, 0, '0.00', '0.00', '0.00', '0.00', '0.00', '0.00', 'N/A', '0.00', '', '0000-00-00'),
('blk23lot4', '367.20', '4406.40', 0, 0, '0.00', '0.00', '0.00', '0.00', '0.00', '0.00', 'N/A', '0.00', '', '0000-00-00'),
('blk23lot5', '376.20', '4514.40', 0, 0, '0.00', '0.00', '0.00', '0.00', '0.00', '0.00', 'N/A', '0.00', '', '0000-00-00'),
('blk23lot6', '367.20', '4406.40', 0, 0, '0.00', '0.00', '0.00', '0.00', '0.00', '0.00', 'N/A', '0.00', '', '0000-00-00'),
('blk23lot7', '399.60', '4795.20', 0, 0, '0.00', '0.00', '0.00', '0.00', '0.00', '0.00', 'N/A', '0.00', '', '0000-00-00'),
('blk23lot8', '367.20', '4406.40', 0, 0, '0.00', '0.00', '0.00', '0.00', '0.00', '0.00', 'N/A', '0.00', '', '0000-00-00'),
('blk23lot9', '646.20', '7754.40', 0, 0, '0.00', '0.00', '0.00', '0.00', '0.00', '0.00', 'N/A', '0.00', '', '0000-00-00'),
('blk24lot1', '457.20', '5486.40', 0, 0, '0.00', '0.00', '0.00', '0.00', '0.00', '0.00', 'N/A', '0.00', '', '0000-00-00'),
('blk25lot1', '729.00', '8748.00', 0, 0, '0.00', '0.00', '0.00', '0.00', '0.00', '0.00', 'N/A', '0.00', '', '0000-00-00'),
('blk25lot10', '392.40', '4708.80', 0, 0, '0.00', '0.00', '0.00', '0.00', '0.00', '0.00', 'N/A', '0.00', '', '0000-00-00'),
('blk25lot11', '775.80', '9309.60', 0, 0, '0.00', '0.00', '0.00', '0.00', '0.00', '0.00', 'N/A', '0.00', '', '0000-00-00');
INSERT INTO `association_dues` (`Lot_ID`, `Monthly_Dues`, `Yearly_Dues`, `month_count`, `year_count`, `total_assocdues`, `total_payment`, `total_change`, `total_discount`, `total_penalty`, `assoc_balance`, `Dues_Status`, `Balance`, `DueRemarks`, `date_assigned`) VALUES
('blk25lot12', '396.00', '4752.00', 0, 0, '0.00', '0.00', '0.00', '0.00', '0.00', '0.00', 'N/A', '0.00', '', '0000-00-00'),
('blk25lot13', '770.40', '9244.80', 0, 0, '0.00', '0.00', '0.00', '0.00', '0.00', '0.00', 'N/A', '0.00', '', '0000-00-00'),
('blk25lot2', '775.80', '9309.60', 0, 0, '0.00', '0.00', '0.00', '0.00', '0.00', '0.00', 'N/A', '0.00', '', '0000-00-00'),
('blk25lot3', '363.60', '4363.20', 0, 0, '0.00', '0.00', '0.00', '0.00', '0.00', '0.00', 'N/A', '0.00', '', '0000-00-00'),
('blk25lot4', '378.00', '4536.00', 0, 0, '0.00', '0.00', '0.00', '0.00', '0.00', '0.00', 'N/A', '0.00', '', '0000-00-00'),
('blk25lot5', '367.20', '4406.40', 0, 0, '0.00', '0.00', '0.00', '0.00', '0.00', '0.00', 'N/A', '0.00', '', '0000-00-00'),
('blk25lot6', '392.40', '4708.80', 0, 0, '0.00', '0.00', '0.00', '0.00', '0.00', '0.00', 'N/A', '0.00', '', '0000-00-00'),
('blk25lot7', '370.80', '4449.60', 0, 0, '0.00', '0.00', '0.00', '0.00', '0.00', '0.00', 'N/A', '0.00', '', '0000-00-00'),
('blk25lot8', '390.60', '4687.20', 0, 0, '0.00', '0.00', '0.00', '0.00', '0.00', '0.00', 'N/A', '0.00', '', '0000-00-00'),
('blk25lot9', '367.20', '4406.40', 0, 0, '0.00', '0.00', '0.00', '0.00', '0.00', '0.00', 'N/A', '0.00', '', '0000-00-00'),
('blk26lot1', '729.00', '8748.00', 0, 0, '0.00', '0.00', '0.00', '0.00', '0.00', '0.00', 'N/A', '0.00', '', '0000-00-00'),
('blk26lot10', '387.00', '4644.00', 0, 0, '0.00', '0.00', '0.00', '0.00', '0.00', '0.00', 'N/A', '0.00', '', '0000-00-00'),
('blk26lot11', '399.60', '4795.20', 0, 0, '0.00', '0.00', '0.00', '0.00', '0.00', '0.00', 'N/A', '0.00', '', '0000-00-00'),
('blk26lot12', '401.40', '4816.80', 0, 0, '0.00', '0.00', '0.00', '0.00', '0.00', '0.00', 'N/A', '0.00', '', '0000-00-00'),
('blk26lot13', '390.60', '4687.20', 0, 0, '0.00', '0.00', '0.00', '0.00', '0.00', '0.00', 'N/A', '0.00', '', '0000-00-00'),
('blk26lot14', '743.40', '8920.80', 0, 0, '0.00', '0.00', '0.00', '0.00', '0.00', '0.00', 'N/A', '0.00', '', '0000-00-00'),
('blk26lot15', '739.80', '8877.60', 0, 0, '0.00', '0.00', '0.00', '0.00', '0.00', '0.00', 'N/A', '0.00', '', '0000-00-00'),
('blk26lot16', '379.80', '4557.60', 0, 0, '0.00', '0.00', '0.00', '0.00', '0.00', '0.00', 'N/A', '0.00', '', '0000-00-00'),
('blk26lot17', '406.80', '4881.60', 0, 0, '0.00', '0.00', '0.00', '0.00', '0.00', '0.00', 'N/A', '0.00', '', '0000-00-00'),
('blk26lot18', '439.20', '5270.40', 0, 0, '0.00', '0.00', '0.00', '0.00', '0.00', '0.00', 'N/A', '0.00', '', '0000-00-00'),
('blk26lot19', '743.40', '8920.80', 0, 0, '0.00', '0.00', '0.00', '0.00', '0.00', '0.00', 'N/A', '0.00', '', '0000-00-00'),
('blk26lot2', '516.60', '6199.20', 0, 0, '0.00', '0.00', '0.00', '0.00', '0.00', '0.00', 'N/A', '0.00', '', '0000-00-00'),
('blk26lot3', '729.00', '8748.00', 0, 0, '0.00', '0.00', '0.00', '0.00', '0.00', '0.00', 'N/A', '0.00', '', '0000-00-00'),
('blk26lot4', '491.40', '5896.80', 0, 0, '0.00', '0.00', '0.00', '0.00', '0.00', '0.00', 'N/A', '0.00', '', '0000-00-00'),
('blk26lot5', '475.20', '5702.40', 0, 0, '0.00', '0.00', '0.00', '0.00', '0.00', '0.00', 'N/A', '0.00', '', '0000-00-00'),
('blk26lot6', '491.40', '5896.80', 0, 0, '0.00', '0.00', '0.00', '0.00', '0.00', '0.00', 'N/A', '0.00', '', '0000-00-00'),
('blk26lot7', '810.00', '9720.00', 0, 0, '0.00', '0.00', '0.00', '0.00', '0.00', '0.00', 'N/A', '0.00', '', '0000-00-00'),
('blk26lot8', '406.80', '4881.60', 0, 0, '0.00', '0.00', '0.00', '0.00', '0.00', '0.00', 'N/A', '0.00', '', '0000-00-00'),
('blk26lot9', '406.80', '4881.60', 0, 0, '0.00', '0.00', '0.00', '0.00', '0.00', '0.00', 'N/A', '0.00', '', '0000-00-00'),
('blk27lot1', '903.60', '10843.20', 0, 0, '0.00', '0.00', '0.00', '0.00', '0.00', '0.00', 'N/A', '0.00', '', '0000-00-00'),
('blk27lot10', '379.80', '4557.60', 0, 0, '0.00', '0.00', '0.00', '0.00', '0.00', '0.00', 'N/A', '0.00', '', '0000-00-00'),
('blk27lot11', '388.80', '4665.60', 0, 0, '0.00', '0.00', '0.00', '0.00', '0.00', '0.00', 'N/A', '0.00', '', '0000-00-00'),
('blk27lot12', '388.80', '4665.60', 0, 0, '0.00', '0.00', '0.00', '0.00', '0.00', '0.00', 'N/A', '0.00', '', '0000-00-00'),
('blk27lot13', '405.00', '4860.00', 0, 0, '0.00', '0.00', '0.00', '0.00', '0.00', '0.00', 'N/A', '0.00', '', '0000-00-00'),
('blk27lot14', '390.60', '4687.20', 0, 0, '0.00', '0.00', '0.00', '0.00', '0.00', '0.00', 'N/A', '0.00', '', '0000-00-00'),
('blk27lot15', '423.00', '5076.00', 0, 0, '0.00', '0.00', '0.00', '0.00', '0.00', '0.00', 'N/A', '0.00', '', '0000-00-00'),
('blk27lot16', '385.20', '4622.40', 0, 0, '0.00', '0.00', '0.00', '0.00', '0.00', '0.00', 'N/A', '0.00', '', '0000-00-00'),
('blk27lot17', '439.20', '5270.40', 0, 0, '0.00', '0.00', '0.00', '0.00', '0.00', '0.00', 'N/A', '0.00', '', '0000-00-00'),
('blk27lot18', '430.20', '5162.40', 0, 0, '0.00', '0.00', '0.00', '0.00', '0.00', '0.00', 'N/A', '0.00', '', '0000-00-00'),
('blk27lot19', '457.20', '5486.40', 0, 0, '0.00', '0.00', '0.00', '0.00', '0.00', '0.00', 'N/A', '0.00', '', '0000-00-00'),
('blk27lot2', '747.00', '8964.00', 0, 0, '0.00', '0.00', '0.00', '0.00', '0.00', '0.00', 'N/A', '0.00', '', '0000-00-00'),
('blk27lot20', '601.20', '7214.40', 0, 0, '0.00', '0.00', '0.00', '0.00', '0.00', '0.00', 'N/A', '0.00', '', '0000-00-00'),
('blk27lot21', '565.20', '6782.40', 0, 0, '0.00', '0.00', '0.00', '0.00', '0.00', '0.00', 'N/A', '0.00', '', '0000-00-00'),
('blk27lot22', '867.60', '10411.20', 0, 0, '0.00', '0.00', '0.00', '0.00', '0.00', '0.00', 'N/A', '0.00', '', '0000-00-00'),
('blk27lot23', '932.40', '11188.80', 0, 0, '0.00', '0.00', '0.00', '0.00', '0.00', '0.00', 'N/A', '0.00', '', '0000-00-00'),
('blk27lot24', '626.40', '7516.80', 0, 0, '0.00', '0.00', '0.00', '0.00', '0.00', '0.00', 'N/A', '0.00', '', '0000-00-00'),
('blk27lot25', '606.60', '7279.20', 0, 0, '0.00', '0.00', '0.00', '0.00', '0.00', '0.00', 'N/A', '0.00', '', '0000-00-00'),
('blk27lot26', '414.00', '4968.00', 0, 0, '0.00', '0.00', '0.00', '0.00', '0.00', '0.00', 'N/A', '0.00', '', '0000-00-00'),
('blk27lot27', '428.40', '5140.80', 0, 0, '0.00', '0.00', '0.00', '0.00', '0.00', '0.00', 'N/A', '0.00', '', '0000-00-00'),
('blk27lot28', '378.00', '4536.00', 0, 0, '0.00', '0.00', '0.00', '0.00', '0.00', '0.00', 'N/A', '0.00', '', '0000-00-00'),
('blk27lot29', '444.60', '5335.20', 0, 0, '0.00', '0.00', '0.00', '0.00', '0.00', '0.00', 'N/A', '0.00', '', '0000-00-00'),
('blk27lot3', '482.40', '5788.80', 0, 0, '0.00', '0.00', '0.00', '0.00', '0.00', '0.00', 'N/A', '0.00', '', '0000-00-00'),
('blk27lot30', '682.20', '8186.40', 0, 0, '0.00', '0.00', '0.00', '0.00', '0.00', '0.00', 'N/A', '0.00', '', '0000-00-00'),
('blk27lot31', '579.60', '6955.20', 0, 0, '0.00', '0.00', '0.00', '0.00', '0.00', '0.00', 'N/A', '0.00', '', '0000-00-00'),
('blk27lot32', '367.20', '4406.40', 0, 0, '0.00', '0.00', '0.00', '0.00', '0.00', '0.00', 'N/A', '0.00', '', '0000-00-00'),
('blk27lot33', '401.40', '4816.80', 0, 0, '0.00', '0.00', '0.00', '0.00', '0.00', '0.00', 'N/A', '0.00', '', '0000-00-00'),
('blk27lot34', '363.60', '4363.20', 0, 0, '0.00', '0.00', '0.00', '0.00', '0.00', '0.00', 'N/A', '0.00', '', '0000-00-00'),
('blk27lot35', '381.60', '4579.20', 0, 0, '0.00', '0.00', '0.00', '0.00', '0.00', '0.00', 'N/A', '0.00', '', '0000-00-00'),
('blk27lot36', '822.60', '9871.20', 0, 0, '0.00', '0.00', '0.00', '0.00', '0.00', '0.00', 'N/A', '0.00', '', '0000-00-00'),
('blk27lot4', '621.00', '7452.00', 0, 0, '0.00', '0.00', '0.00', '0.00', '0.00', '0.00', 'N/A', '0.00', '', '0000-00-00'),
('blk27lot5', '419.40', '5032.80', 0, 0, '0.00', '0.00', '0.00', '0.00', '0.00', '0.00', 'N/A', '0.00', '', '0000-00-00'),
('blk27lot6', '477.00', '5724.00', 0, 0, '0.00', '0.00', '0.00', '0.00', '0.00', '0.00', 'N/A', '0.00', '', '0000-00-00'),
('blk27lot7', '394.20', '4730.40', 0, 0, '0.00', '0.00', '0.00', '0.00', '0.00', '0.00', 'N/A', '0.00', '', '0000-00-00'),
('blk27lot8', '387.00', '4644.00', 0, 0, '0.00', '0.00', '0.00', '0.00', '0.00', '0.00', 'N/A', '0.00', '', '0000-00-00'),
('blk27lot9', '388.80', '4665.60', 0, 0, '0.00', '0.00', '0.00', '0.00', '0.00', '0.00', 'N/A', '0.00', '', '0000-00-00'),
('blk28lot1', '752.40', '9028.80', 0, 0, '0.00', '0.00', '0.00', '0.00', '0.00', '0.00', 'N/A', '0.00', '', '0000-00-00'),
('blk28lot10', '455.40', '5464.80', 0, 0, '0.00', '0.00', '0.00', '0.00', '0.00', '0.00', 'N/A', '0.00', '', '0000-00-00'),
('blk28lot11', '424.80', '5097.60', 0, 0, '0.00', '0.00', '0.00', '0.00', '0.00', '0.00', 'N/A', '0.00', '', '0000-00-00'),
('blk28lot12', '448.20', '5378.40', 0, 0, '0.00', '0.00', '0.00', '0.00', '0.00', '0.00', 'N/A', '0.00', '', '0000-00-00'),
('blk28lot13', '423.00', '5076.00', 0, 0, '0.00', '0.00', '0.00', '0.00', '0.00', '0.00', 'N/A', '0.00', '', '0000-00-00'),
('blk28lot14', '446.40', '5356.80', 0, 0, '0.00', '0.00', '0.00', '0.00', '0.00', '0.00', 'N/A', '0.00', '', '0000-00-00'),
('blk28lot15', '423.00', '5076.00', 0, 0, '0.00', '0.00', '0.00', '0.00', '0.00', '0.00', 'N/A', '0.00', '', '0000-00-00'),
('blk28lot16', '448.20', '5378.40', 0, 0, '0.00', '0.00', '0.00', '0.00', '0.00', '0.00', 'N/A', '0.00', '', '0000-00-00'),
('blk28lot17', '496.80', '5961.60', 0, 0, '0.00', '0.00', '0.00', '0.00', '0.00', '0.00', 'N/A', '0.00', '', '0000-00-00'),
('blk28lot18', '1222.20', '14666.40', 0, 0, '0.00', '0.00', '0.00', '0.00', '0.00', '0.00', 'N/A', '0.00', '', '0000-00-00'),
('blk28lot19', '792.00', '9504.00', 0, 0, '0.00', '0.00', '0.00', '0.00', '0.00', '0.00', 'N/A', '0.00', '', '0000-00-00'),
('blk28lot2', '1072.80', '12873.60', 0, 0, '0.00', '0.00', '0.00', '0.00', '0.00', '0.00', 'N/A', '0.00', '', '0000-00-00'),
('blk28lot3', '471.60', '5659.20', 0, 0, '0.00', '0.00', '0.00', '0.00', '0.00', '0.00', 'N/A', '0.00', '', '0000-00-00'),
('blk28lot4', '500.40', '6004.80', 0, 0, '0.00', '0.00', '0.00', '0.00', '0.00', '0.00', 'N/A', '0.00', '', '0000-00-00'),
('blk28lot5', '457.20', '5486.40', 0, 0, '0.00', '0.00', '0.00', '0.00', '0.00', '0.00', 'N/A', '0.00', '', '0000-00-00'),
('blk28lot6', '486.00', '5832.00', 0, 0, '0.00', '0.00', '0.00', '0.00', '0.00', '0.00', 'N/A', '0.00', '', '0000-00-00'),
('blk28lot7', '442.80', '5313.60', 0, 0, '0.00', '0.00', '0.00', '0.00', '0.00', '0.00', 'N/A', '0.00', '', '0000-00-00'),
('blk28lot8', '468.00', '5616.00', 0, 0, '0.00', '0.00', '0.00', '0.00', '0.00', '0.00', 'N/A', '0.00', '', '0000-00-00'),
('blk28lot9', '430.20', '5162.40', 0, 0, '0.00', '0.00', '0.00', '0.00', '0.00', '0.00', 'N/A', '0.00', '', '0000-00-00'),
('blk29lot1', '502.20', '6026.40', 0, 0, '0.00', '0.00', '0.00', '0.00', '0.00', '0.00', 'N/A', '0.00', '', '0000-00-00'),
('blk29lot2', '549.00', '6588.00', 0, 0, '0.00', '0.00', '0.00', '0.00', '0.00', '0.00', 'N/A', '0.00', '', '0000-00-00'),
('blk29lot3', '378.00', '4536.00', 0, 0, '0.00', '0.00', '0.00', '0.00', '0.00', '0.00', 'N/A', '0.00', '', '0000-00-00'),
('blk29lot4', '388.80', '4665.60', 0, 0, '0.00', '0.00', '0.00', '0.00', '0.00', '0.00', 'N/A', '0.00', '', '0000-00-00'),
('blk29lot5', '363.60', '4363.20', 0, 0, '0.00', '0.00', '0.00', '0.00', '0.00', '0.00', 'N/A', '0.00', '', '0000-00-00'),
('blk29lot6', '388.80', '4665.60', 0, 0, '0.00', '0.00', '0.00', '0.00', '0.00', '0.00', 'N/A', '0.00', '', '0000-00-00'),
('blk29lot7', '381.60', '4579.20', 0, 0, '0.00', '0.00', '0.00', '0.00', '0.00', '0.00', 'N/A', '0.00', '', '0000-00-00'),
('blk29lot8', '538.20', '6458.40', 0, 0, '0.00', '0.00', '0.00', '0.00', '0.00', '0.00', 'N/A', '0.00', '', '0000-00-00'),
('blk29lot9', '568.80', '6825.60', 0, 0, '0.00', '0.00', '0.00', '0.00', '0.00', '0.00', 'N/A', '0.00', '', '0000-00-00'),
('blk2lot1', '2354.40', '28252.80', 150, 0, '353160.00', '0.00', '0.00', '0.00', '0.00', '0.00', 'outdated', '353160.00', 'fewrrrrr', '2010-10-10'),
('blk2lot10', '1269.00', '15228.00', 0, 0, '0.00', '0.00', '0.00', '0.00', '0.00', '0.00', 'N/A', '0.00', '', '0000-00-00'),
('blk2lot11', '124.20', '1490.40', 0, 0, '0.00', '0.00', '0.00', '0.00', '0.00', '0.00', 'N/A', '0.00', '', '0000-00-00'),
('blk2lot12', '97.20', '1166.40', 0, 0, '0.00', '0.00', '0.00', '0.00', '0.00', '0.00', 'N/A', '0.00', '', '0000-00-00'),
('blk2lot13', '577.80', '6933.60', 0, 0, '0.00', '0.00', '0.00', '0.00', '0.00', '0.00', 'N/A', '0.00', '', '0000-00-00'),
('blk2lot14', '509.40', '6112.80', 0, 0, '0.00', '0.00', '0.00', '0.00', '0.00', '0.00', 'N/A', '0.00', '', '0000-00-00'),
('blk2lot15', '518.40', '6220.80', 0, 0, '0.00', '0.00', '0.00', '0.00', '0.00', '0.00', 'N/A', '0.00', '', '0000-00-00'),
('blk2lot16', '610.20', '7322.40', 0, 0, '0.00', '0.00', '0.00', '0.00', '0.00', '0.00', 'N/A', '0.00', '', '0000-00-00'),
('blk2lot17', '572.40', '6868.80', 0, 0, '0.00', '0.00', '0.00', '0.00', '0.00', '0.00', 'N/A', '0.00', '', '0000-00-00'),
('blk2lot18', '601.20', '7214.40', 0, 0, '0.00', '0.00', '0.00', '0.00', '0.00', '0.00', 'N/A', '0.00', '', '0000-00-00'),
('blk2lot19', '655.20', '7862.40', 0, 0, '0.00', '0.00', '0.00', '0.00', '0.00', '0.00', 'N/A', '0.00', '', '0000-00-00'),
('blk2lot2', '1150.20', '13802.40', 259, 0, '297901.80', '0.00', '0.00', '0.00', '0.00', '0.00', 'outdated', '297901.80', '34234', '2001-10-10'),
('blk2lot20', '637.20', '7646.40', 0, 0, '0.00', '0.00', '0.00', '0.00', '0.00', '0.00', 'N/A', '0.00', '', '0000-00-00'),
('blk2lot21', '583.20', '6998.40', 0, 0, '0.00', '0.00', '0.00', '0.00', '0.00', '0.00', 'N/A', '0.00', '', '0000-00-00'),
('blk2lot22', '657.00', '7884.00', 0, 0, '0.00', '0.00', '0.00', '0.00', '0.00', '0.00', 'N/A', '0.00', '', '0000-00-00'),
('blk2lot23', '552.60', '6631.20', 0, 0, '0.00', '0.00', '0.00', '0.00', '0.00', '0.00', 'N/A', '0.00', '', '0000-00-00'),
('blk2lot24', '565.20', '6782.40', 0, 0, '0.00', '0.00', '0.00', '0.00', '0.00', '0.00', 'N/A', '0.00', '', '0000-00-00'),
('blk2lot25', '556.20', '6674.40', 0, 0, '0.00', '0.00', '0.00', '0.00', '0.00', '0.00', 'N/A', '0.00', '', '0000-00-00'),
('blk2lot26', '604.80', '7257.60', 0, 0, '0.00', '0.00', '0.00', '0.00', '0.00', '0.00', 'N/A', '0.00', '', '0000-00-00'),
('blk2lot27', '498.60', '5983.20', 0, 0, '0.00', '0.00', '0.00', '0.00', '0.00', '0.00', 'N/A', '0.00', '', '0000-00-00'),
('blk2lot28', '466.20', '5594.40', 0, 0, '0.00', '0.00', '0.00', '0.00', '0.00', '0.00', 'N/A', '0.00', '', '0000-00-00'),
('blk2lot29', '448.20', '5378.40', 0, 0, '0.00', '0.00', '0.00', '0.00', '0.00', '0.00', 'N/A', '0.00', '', '0000-00-00'),
('blk2lot3', '1231.20', '14774.40', 245, 0, '301644.00', '0.00', '0.00', '0.00', '0.00', '0.00', 'outdated', '301644.00', '1234', '2002-12-12'),
('blk2lot30', '997.20', '11966.40', 0, 0, '0.00', '0.00', '0.00', '0.00', '0.00', '0.00', 'N/A', '0.00', '', '0000-00-00'),
('blk2lot31', '945.00', '11340.00', 0, 0, '0.00', '0.00', '0.00', '0.00', '0.00', '0.00', 'N/A', '0.00', '', '0000-00-00'),
('blk2lot32', '1371.60', '16459.20', 0, 0, '0.00', '0.00', '0.00', '0.00', '0.00', '0.00', 'N/A', '0.00', '', '0000-00-00'),
('blk2lot33', '842.40', '10108.80', 0, 0, '0.00', '0.00', '0.00', '0.00', '0.00', '0.00', 'N/A', '0.00', '', '0000-00-00'),
('blk2lot34', '842.40', '10108.80', 0, 0, '0.00', '0.00', '0.00', '0.00', '0.00', '0.00', 'N/A', '0.00', '', '0000-00-00'),
('blk2lot35', '662.40', '7948.80', 0, 0, '0.00', '0.00', '0.00', '0.00', '0.00', '0.00', 'N/A', '0.00', '', '0000-00-00'),
('blk2lot36', '793.80', '9525.60', 0, 0, '0.00', '0.00', '0.00', '0.00', '0.00', '0.00', 'N/A', '0.00', '', '0000-00-00'),
('blk2lot37', '811.80', '9741.60', 0, 0, '0.00', '0.00', '0.00', '0.00', '0.00', '0.00', 'N/A', '0.00', '', '0000-00-00'),
('blk2lot38', '581.40', '6976.80', 0, 0, '0.00', '0.00', '0.00', '0.00', '0.00', '0.00', 'N/A', '0.00', '', '0000-00-00'),
('blk2lot39', '1350.00', '16200.00', 0, 0, '0.00', '0.00', '0.00', '0.00', '0.00', '0.00', 'N/A', '0.00', '', '0000-00-00'),
('blk2lot4', '1213.20', '14558.40', 2, 0, '2426.40', '0.00', '0.00', '0.00', '0.00', '0.00', 'outdated', '2426.40', '', '2022-12-12'),
('blk2lot40', '1274.40', '15292.80', 0, 0, '0.00', '0.00', '0.00', '0.00', '0.00', '0.00', 'N/A', '0.00', '', '0000-00-00'),
('blk2lot5', '1060.20', '12722.40', 273, 0, '289434.60', '0.00', '0.00', '0.00', '0.00', '0.00', 'outdated', '289434.60', '1234', '2000-09-09'),
('blk2lot6', '1278.00', '15336.00', 0, 0, '0.00', '0.00', '0.00', '0.00', '0.00', '0.00', 'N/A', '0.00', '', '0000-00-00'),
('blk2lot7', '1270.80', '15249.60', 0, 0, '0.00', '0.00', '0.00', '0.00', '0.00', '0.00', 'N/A', '0.00', '', '0000-00-00'),
('blk2lot8', '1314.00', '15768.00', 0, 0, '0.00', '0.00', '0.00', '0.00', '0.00', '0.00', 'N/A', '0.00', '', '0000-00-00'),
('blk2lot9', '1074.60', '12895.20', 0, 0, '0.00', '0.00', '0.00', '0.00', '0.00', '0.00', 'N/A', '0.00', '', '0000-00-00'),
('blk30lot1', '732.60', '8791.20', 0, 0, '0.00', '0.00', '0.00', '0.00', '0.00', '0.00', 'N/A', '0.00', '', '0000-00-00'),
('blk30lot10', '412.20', '4946.40', 0, 0, '0.00', '0.00', '0.00', '0.00', '0.00', '0.00', 'N/A', '0.00', '', '0000-00-00'),
('blk30lot11', '750.60', '9007.20', 0, 0, '0.00', '0.00', '0.00', '0.00', '0.00', '0.00', 'N/A', '0.00', '', '0000-00-00'),
('blk30lot12', '570.60', '6847.20', 0, 0, '0.00', '0.00', '0.00', '0.00', '0.00', '0.00', 'N/A', '0.00', '', '0000-00-00'),
('blk30lot13', '936.00', '11232.00', 0, 0, '0.00', '0.00', '0.00', '0.00', '0.00', '0.00', 'N/A', '0.00', '', '0000-00-00'),
('blk30lot2', '801.00', '9612.00', 0, 0, '0.00', '0.00', '0.00', '0.00', '0.00', '0.00', 'N/A', '0.00', '', '0000-00-00'),
('blk30lot3', '457.20', '5486.40', 0, 0, '0.00', '0.00', '0.00', '0.00', '0.00', '0.00', 'N/A', '0.00', '', '0000-00-00'),
('blk30lot4', '442.80', '5313.60', 0, 0, '0.00', '0.00', '0.00', '0.00', '0.00', '0.00', 'N/A', '0.00', '', '0000-00-00'),
('blk30lot5', '453.60', '5443.20', 0, 0, '0.00', '0.00', '0.00', '0.00', '0.00', '0.00', 'N/A', '0.00', '', '0000-00-00'),
('blk30lot6', '570.60', '6847.20', 0, 0, '0.00', '0.00', '0.00', '0.00', '0.00', '0.00', 'N/A', '0.00', '', '0000-00-00'),
('blk30lot7', '504.00', '6048.00', 0, 0, '0.00', '0.00', '0.00', '0.00', '0.00', '0.00', 'N/A', '0.00', '', '0000-00-00'),
('blk30lot8', '363.60', '4363.20', 0, 0, '0.00', '0.00', '0.00', '0.00', '0.00', '0.00', 'N/A', '0.00', '', '0000-00-00'),
('blk30lot9', '648.00', '7776.00', 0, 0, '0.00', '0.00', '0.00', '0.00', '0.00', '0.00', 'N/A', '0.00', '', '0000-00-00'),
('blk31lot1', '761.40', '9136.80', 0, 0, '0.00', '0.00', '0.00', '0.00', '0.00', '0.00', 'N/A', '0.00', '', '0000-00-00'),
('blk31lot10', '487.80', '5853.60', 0, 0, '0.00', '0.00', '0.00', '0.00', '0.00', '0.00', 'N/A', '0.00', '', '0000-00-00'),
('blk31lot11', '412.20', '4946.40', 0, 0, '0.00', '0.00', '0.00', '0.00', '0.00', '0.00', 'N/A', '0.00', '', '0000-00-00'),
('blk31lot12', '601.20', '7214.40', 0, 0, '0.00', '0.00', '0.00', '0.00', '0.00', '0.00', 'N/A', '0.00', '', '0000-00-00'),
('blk31lot2', '928.80', '11145.60', 0, 0, '0.00', '0.00', '0.00', '0.00', '0.00', '0.00', 'N/A', '0.00', '', '0000-00-00'),
('blk31lot3', '480.60', '5767.20', 0, 0, '0.00', '0.00', '0.00', '0.00', '0.00', '0.00', 'N/A', '0.00', '', '0000-00-00'),
('blk31lot4', '453.60', '5443.20', 0, 0, '0.00', '0.00', '0.00', '0.00', '0.00', '0.00', 'N/A', '0.00', '', '0000-00-00'),
('blk31lot5', '360.00', '4320.00', 0, 0, '0.00', '0.00', '0.00', '0.00', '0.00', '0.00', 'N/A', '0.00', '', '0000-00-00'),
('blk31lot6', '369.00', '4428.00', 0, 0, '0.00', '0.00', '0.00', '0.00', '0.00', '0.00', 'N/A', '0.00', '', '0000-00-00'),
('blk31lot7', '505.80', '6069.60', 0, 0, '0.00', '0.00', '0.00', '0.00', '0.00', '0.00', 'N/A', '0.00', '', '0000-00-00'),
('blk31lot8', '406.80', '4881.60', 0, 0, '0.00', '0.00', '0.00', '0.00', '0.00', '0.00', 'N/A', '0.00', '', '0000-00-00'),
('blk31lot9', '439.20', '5270.40', 0, 0, '0.00', '0.00', '0.00', '0.00', '0.00', '0.00', 'N/A', '0.00', '', '0000-00-00'),
('blk32lot1', '761.40', '9136.80', 0, 0, '0.00', '0.00', '0.00', '0.00', '0.00', '0.00', 'N/A', '0.00', '', '0000-00-00'),
('blk32lot10', '518.40', '6220.80', 0, 0, '0.00', '0.00', '0.00', '0.00', '0.00', '0.00', 'N/A', '0.00', '', '0000-00-00'),
('blk32lot11', '419.40', '5032.80', 0, 0, '0.00', '0.00', '0.00', '0.00', '0.00', '0.00', 'N/A', '0.00', '', '0000-00-00'),
('blk32lot12', '437.40', '5248.80', 0, 0, '0.00', '0.00', '0.00', '0.00', '0.00', '0.00', 'N/A', '0.00', '', '0000-00-00'),
('blk32lot13', '394.20', '4730.40', 0, 0, '0.00', '0.00', '0.00', '0.00', '0.00', '0.00', 'N/A', '0.00', '', '0000-00-00'),
('blk32lot14', '430.20', '5162.40', 0, 0, '0.00', '0.00', '0.00', '0.00', '0.00', '0.00', 'N/A', '0.00', '', '0000-00-00'),
('blk32lot15', '414.00', '4968.00', 0, 0, '0.00', '0.00', '0.00', '0.00', '0.00', '0.00', 'N/A', '0.00', '', '0000-00-00'),
('blk32lot16', '408.60', '4903.20', 0, 0, '0.00', '0.00', '0.00', '0.00', '0.00', '0.00', 'N/A', '0.00', '', '0000-00-00'),
('blk32lot17', '757.80', '9093.60', 0, 0, '0.00', '0.00', '0.00', '0.00', '0.00', '0.00', 'N/A', '0.00', '', '0000-00-00'),
('blk32lot2', '412.20', '4946.40', 0, 0, '0.00', '0.00', '0.00', '0.00', '0.00', '0.00', 'N/A', '0.00', '', '0000-00-00'),
('blk32lot3', '397.80', '4773.60', 0, 0, '0.00', '0.00', '0.00', '0.00', '0.00', '0.00', 'N/A', '0.00', '', '0000-00-00'),
('blk32lot4', '388.80', '4665.60', 0, 0, '0.00', '0.00', '0.00', '0.00', '0.00', '0.00', 'N/A', '0.00', '', '0000-00-00'),
('blk32lot5', '360.00', '4320.00', 0, 0, '0.00', '0.00', '0.00', '0.00', '0.00', '0.00', 'N/A', '0.00', '', '0000-00-00'),
('blk32lot6', '424.80', '5097.60', 0, 0, '0.00', '0.00', '0.00', '0.00', '0.00', '0.00', 'N/A', '0.00', '', '0000-00-00'),
('blk32lot7', '439.20', '5270.40', 0, 0, '0.00', '0.00', '0.00', '0.00', '0.00', '0.00', 'N/A', '0.00', '', '0000-00-00'),
('blk32lot8', '376.20', '4514.40', 0, 0, '0.00', '0.00', '0.00', '0.00', '0.00', '0.00', 'N/A', '0.00', '', '0000-00-00'),
('blk32lot9', '505.80', '6069.60', 0, 0, '0.00', '0.00', '0.00', '0.00', '0.00', '0.00', 'N/A', '0.00', '', '0000-00-00'),
('blk33lot1', '909.00', '10908.00', 0, 0, '0.00', '0.00', '0.00', '0.00', '0.00', '0.00', 'N/A', '0.00', '', '0000-00-00'),
('blk33lot10', '579.60', '6955.20', 0, 0, '0.00', '0.00', '0.00', '0.00', '0.00', '0.00', 'N/A', '0.00', '', '0000-00-00'),
('blk33lot11', '819.00', '9828.00', 0, 0, '0.00', '0.00', '0.00', '0.00', '0.00', '0.00', 'N/A', '0.00', '', '0000-00-00'),
('blk33lot12', '952.20', '11426.40', 0, 0, '0.00', '0.00', '0.00', '0.00', '0.00', '0.00', 'N/A', '0.00', '', '0000-00-00'),
('blk33lot2', '797.40', '9568.80', 0, 0, '0.00', '0.00', '0.00', '0.00', '0.00', '0.00', 'N/A', '0.00', '', '0000-00-00'),
('blk33lot3', '417.60', '5011.20', 0, 0, '0.00', '0.00', '0.00', '0.00', '0.00', '0.00', 'N/A', '0.00', '', '0000-00-00'),
('blk33lot4', '412.20', '4946.40', 0, 0, '0.00', '0.00', '0.00', '0.00', '0.00', '0.00', 'N/A', '0.00', '', '0000-00-00'),
('blk33lot5', '423.00', '5076.00', 0, 0, '0.00', '0.00', '0.00', '0.00', '0.00', '0.00', 'N/A', '0.00', '', '0000-00-00'),
('blk33lot6', '423.00', '5076.00', 0, 0, '0.00', '0.00', '0.00', '0.00', '0.00', '0.00', 'N/A', '0.00', '', '0000-00-00'),
('blk33lot7', '442.80', '5313.60', 0, 0, '0.00', '0.00', '0.00', '0.00', '0.00', '0.00', 'N/A', '0.00', '', '0000-00-00'),
('blk33lot8', '523.80', '6285.60', 0, 0, '0.00', '0.00', '0.00', '0.00', '0.00', '0.00', 'N/A', '0.00', '', '0000-00-00'),
('blk33lot9', '599.40', '7192.80', 0, 0, '0.00', '0.00', '0.00', '0.00', '0.00', '0.00', 'N/A', '0.00', '', '0000-00-00'),
('blk34lot1', '860.40', '10324.80', 0, 0, '0.00', '0.00', '0.00', '0.00', '0.00', '0.00', 'N/A', '0.00', '', '0000-00-00'),
('blk34lot10', '561.60', '6739.20', 0, 0, '0.00', '0.00', '0.00', '0.00', '0.00', '0.00', 'N/A', '0.00', '', '0000-00-00'),
('blk34lot11', '612.00', '7344.00', 0, 0, '0.00', '0.00', '0.00', '0.00', '0.00', '0.00', 'N/A', '0.00', '', '0000-00-00'),
('blk34lot12', '482.40', '5788.80', 0, 0, '0.00', '0.00', '0.00', '0.00', '0.00', '0.00', 'N/A', '0.00', '', '0000-00-00'),
('blk34lot13', '505.80', '6069.60', 0, 0, '0.00', '0.00', '0.00', '0.00', '0.00', '0.00', 'N/A', '0.00', '', '0000-00-00'),
('blk34lot14', '383.40', '4600.80', 0, 0, '0.00', '0.00', '0.00', '0.00', '0.00', '0.00', 'N/A', '0.00', '', '0000-00-00'),
('blk34lot15', '455.40', '5464.80', 0, 0, '0.00', '0.00', '0.00', '0.00', '0.00', '0.00', 'N/A', '0.00', '', '0000-00-00'),
('blk34lot16', '383.40', '4600.80', 0, 0, '0.00', '0.00', '0.00', '0.00', '0.00', '0.00', 'N/A', '0.00', '', '0000-00-00'),
('blk34lot17', '633.60', '7603.20', 0, 0, '0.00', '0.00', '0.00', '0.00', '0.00', '0.00', 'N/A', '0.00', '', '0000-00-00'),
('blk34lot18', '793.80', '9525.60', 0, 0, '0.00', '0.00', '0.00', '0.00', '0.00', '0.00', 'N/A', '0.00', '', '0000-00-00'),
('blk34lot2', '435.60', '5227.20', 0, 0, '0.00', '0.00', '0.00', '0.00', '0.00', '0.00', 'N/A', '0.00', '', '0000-00-00'),
('blk34lot3', '394.20', '4730.40', 0, 0, '0.00', '0.00', '0.00', '0.00', '0.00', '0.00', 'N/A', '0.00', '', '0000-00-00'),
('blk34lot4', '471.60', '5659.20', 0, 0, '0.00', '0.00', '0.00', '0.00', '0.00', '0.00', 'N/A', '0.00', '', '0000-00-00'),
('blk34lot5', '599.40', '7192.80', 0, 0, '0.00', '0.00', '0.00', '0.00', '0.00', '0.00', 'N/A', '0.00', '', '0000-00-00'),
('blk34lot6', '549.00', '6588.00', 0, 0, '0.00', '0.00', '0.00', '0.00', '0.00', '0.00', 'N/A', '0.00', '', '0000-00-00'),
('blk34lot7', '590.40', '7084.80', 0, 0, '0.00', '0.00', '0.00', '0.00', '0.00', '0.00', 'N/A', '0.00', '', '0000-00-00'),
('blk34lot8', '743.40', '8920.80', 0, 0, '0.00', '0.00', '0.00', '0.00', '0.00', '0.00', 'N/A', '0.00', '', '0000-00-00'),
('blk34lot9', '552.60', '6631.20', 0, 0, '0.00', '0.00', '0.00', '0.00', '0.00', '0.00', 'N/A', '0.00', '', '0000-00-00'),
('blk35lot1', '743.40', '8920.80', 0, 0, '0.00', '0.00', '0.00', '0.00', '0.00', '0.00', 'N/A', '0.00', '', '0000-00-00'),
('blk35lot10', '415.80', '4989.60', 0, 0, '0.00', '0.00', '0.00', '0.00', '0.00', '0.00', 'N/A', '0.00', '', '0000-00-00'),
('blk35lot11', '453.60', '5443.20', 0, 0, '0.00', '0.00', '0.00', '0.00', '0.00', '0.00', 'N/A', '0.00', '', '0000-00-00'),
('blk35lot12', '421.20', '5054.40', 0, 0, '0.00', '0.00', '0.00', '0.00', '0.00', '0.00', 'N/A', '0.00', '', '0000-00-00'),
('blk35lot13', '936.00', '11232.00', 0, 0, '0.00', '0.00', '0.00', '0.00', '0.00', '0.00', 'N/A', '0.00', '', '0000-00-00'),
('blk35lot14', '793.80', '9525.60', 0, 0, '0.00', '0.00', '0.00', '0.00', '0.00', '0.00', 'N/A', '0.00', '', '0000-00-00'),
('blk35lot2', '835.20', '10022.40', 0, 0, '0.00', '0.00', '0.00', '0.00', '0.00', '0.00', 'N/A', '0.00', '', '0000-00-00'),
('blk35lot3', '487.80', '5853.60', 0, 0, '0.00', '0.00', '0.00', '0.00', '0.00', '0.00', 'N/A', '0.00', '', '0000-00-00'),
('blk35lot4', '424.80', '5097.60', 0, 0, '0.00', '0.00', '0.00', '0.00', '0.00', '0.00', 'N/A', '0.00', '', '0000-00-00'),
('blk35lot5', '523.80', '6285.60', 0, 0, '0.00', '0.00', '0.00', '0.00', '0.00', '0.00', 'N/A', '0.00', '', '0000-00-00'),
('blk35lot6', '432.00', '5184.00', 0, 0, '0.00', '0.00', '0.00', '0.00', '0.00', '0.00', 'N/A', '0.00', '', '0000-00-00'),
('blk35lot7', '498.60', '5983.20', 0, 0, '0.00', '0.00', '0.00', '0.00', '0.00', '0.00', 'N/A', '0.00', '', '0000-00-00'),
('blk35lot8', '433.80', '5205.60', 0, 0, '0.00', '0.00', '0.00', '0.00', '0.00', '0.00', 'N/A', '0.00', '', '0000-00-00'),
('blk35lot9', '437.40', '5248.80', 0, 0, '0.00', '0.00', '0.00', '0.00', '0.00', '0.00', 'N/A', '0.00', '', '0000-00-00'),
('blk36lot1', '727.20', '8726.40', 0, 0, '0.00', '0.00', '0.00', '0.00', '0.00', '0.00', 'N/A', '0.00', '', '0000-00-00'),
('blk36lot10', '793.80', '9525.60', 0, 0, '0.00', '0.00', '0.00', '0.00', '0.00', '0.00', 'N/A', '0.00', '', '0000-00-00'),
('blk36lot11', '662.40', '7948.80', 0, 0, '0.00', '0.00', '0.00', '0.00', '0.00', '0.00', 'N/A', '0.00', '', '0000-00-00'),
('blk36lot12', '406.80', '4881.60', 0, 0, '0.00', '0.00', '0.00', '0.00', '0.00', '0.00', 'N/A', '0.00', '', '0000-00-00'),
('blk36lot13', '646.20', '7754.40', 0, 0, '0.00', '0.00', '0.00', '0.00', '0.00', '0.00', 'N/A', '0.00', '', '0000-00-00'),
('blk36lot14', '723.60', '8683.20', 0, 0, '0.00', '0.00', '0.00', '0.00', '0.00', '0.00', 'N/A', '0.00', '', '0000-00-00'),
('blk36lot2', '532.80', '6393.60', 0, 0, '0.00', '0.00', '0.00', '0.00', '0.00', '0.00', 'N/A', '0.00', '', '0000-00-00'),
('blk36lot3', '739.80', '8877.60', 0, 0, '0.00', '0.00', '0.00', '0.00', '0.00', '0.00', 'N/A', '0.00', '', '0000-00-00'),
('blk36lot4', '439.20', '5270.40', 0, 0, '0.00', '0.00', '0.00', '0.00', '0.00', '0.00', 'N/A', '0.00', '', '0000-00-00'),
('blk36lot5', '374.40', '4492.80', 0, 0, '0.00', '0.00', '0.00', '0.00', '0.00', '0.00', 'N/A', '0.00', '', '0000-00-00'),
('blk36lot6', '432.00', '5184.00', 0, 0, '0.00', '0.00', '0.00', '0.00', '0.00', '0.00', 'N/A', '0.00', '', '0000-00-00'),
('blk36lot7', '550.80', '6609.60', 0, 0, '0.00', '0.00', '0.00', '0.00', '0.00', '0.00', 'N/A', '0.00', '', '0000-00-00'),
('blk36lot8', '460.80', '5529.60', 0, 0, '0.00', '0.00', '0.00', '0.00', '0.00', '0.00', 'N/A', '0.00', '', '0000-00-00'),
('blk36lot9', '394.20', '4730.40', 0, 0, '0.00', '0.00', '0.00', '0.00', '0.00', '0.00', 'N/A', '0.00', '', '0000-00-00'),
('blk37lot1', '743.40', '8920.80', 0, 0, '0.00', '0.00', '0.00', '0.00', '0.00', '0.00', 'N/A', '0.00', '', '0000-00-00'),
('blk37lot10', '460.80', '5529.60', 0, 0, '0.00', '0.00', '0.00', '0.00', '0.00', '0.00', 'N/A', '0.00', '', '0000-00-00'),
('blk37lot11', '360.00', '4320.00', 0, 0, '0.00', '0.00', '0.00', '0.00', '0.00', '0.00', 'N/A', '0.00', '', '0000-00-00'),
('blk37lot12', '370.80', '4449.60', 0, 0, '0.00', '0.00', '0.00', '0.00', '0.00', '0.00', 'N/A', '0.00', '', '0000-00-00'),
('blk37lot13', '392.40', '4708.80', 0, 0, '0.00', '0.00', '0.00', '0.00', '0.00', '0.00', 'N/A', '0.00', '', '0000-00-00'),
('blk37lot14', '437.40', '5248.80', 0, 0, '0.00', '0.00', '0.00', '0.00', '0.00', '0.00', 'N/A', '0.00', '', '0000-00-00'),
('blk37lot15', '426.60', '5119.20', 0, 0, '0.00', '0.00', '0.00', '0.00', '0.00', '0.00', 'N/A', '0.00', '', '0000-00-00'),
('blk37lot16', '388.80', '4665.60', 0, 0, '0.00', '0.00', '0.00', '0.00', '0.00', '0.00', 'N/A', '0.00', '', '0000-00-00'),
('blk37lot17', '385.20', '4622.40', 0, 0, '0.00', '0.00', '0.00', '0.00', '0.00', '0.00', 'N/A', '0.00', '', '0000-00-00'),
('blk37lot18', '379.80', '4557.60', 0, 0, '0.00', '0.00', '0.00', '0.00', '0.00', '0.00', 'N/A', '0.00', '', '0000-00-00'),
('blk37lot19', '477.00', '5724.00', 0, 0, '0.00', '0.00', '0.00', '0.00', '0.00', '0.00', 'N/A', '0.00', '', '0000-00-00'),
('blk37lot2', '777.60', '9331.20', 0, 0, '0.00', '0.00', '0.00', '0.00', '0.00', '0.00', 'N/A', '0.00', '', '0000-00-00'),
('blk37lot20', '756.00', '9072.00', 0, 0, '0.00', '0.00', '0.00', '0.00', '0.00', '0.00', 'N/A', '0.00', '', '0000-00-00'),
('blk37lot21', '424.80', '5097.60', 0, 0, '0.00', '0.00', '0.00', '0.00', '0.00', '0.00', 'N/A', '0.00', '', '0000-00-00'),
('blk37lot22', '430.20', '5162.40', 0, 0, '0.00', '0.00', '0.00', '0.00', '0.00', '0.00', 'N/A', '0.00', '', '0000-00-00'),
('blk37lot23', '698.40', '8380.80', 0, 0, '0.00', '0.00', '0.00', '0.00', '0.00', '0.00', 'N/A', '0.00', '', '0000-00-00'),
('blk37lot3', '442.80', '5313.60', 0, 0, '0.00', '0.00', '0.00', '0.00', '0.00', '0.00', 'N/A', '0.00', '', '0000-00-00'),
('blk37lot4', '874.80', '10497.60', 0, 0, '0.00', '0.00', '0.00', '0.00', '0.00', '0.00', 'N/A', '0.00', '', '0000-00-00'),
('blk37lot5', '606.60', '7279.20', 0, 0, '0.00', '0.00', '0.00', '0.00', '0.00', '0.00', 'N/A', '0.00', '', '0000-00-00'),
('blk37lot6', '606.60', '7279.20', 0, 0, '0.00', '0.00', '0.00', '0.00', '0.00', '0.00', 'N/A', '0.00', '', '0000-00-00'),
('blk37lot7', '448.20', '5378.40', 0, 0, '0.00', '0.00', '0.00', '0.00', '0.00', '0.00', 'N/A', '0.00', '', '0000-00-00'),
('blk37lot8', '401.40', '4816.80', 0, 0, '0.00', '0.00', '0.00', '0.00', '0.00', '0.00', 'N/A', '0.00', '', '0000-00-00'),
('blk37lot9', '430.20', '5162.40', 0, 0, '0.00', '0.00', '0.00', '0.00', '0.00', '0.00', 'N/A', '0.00', '', '0000-00-00'),
('blk38lot1', '678.60', '8143.20', 0, 0, '0.00', '0.00', '0.00', '0.00', '0.00', '0.00', 'N/A', '0.00', '', '0000-00-00'),
('blk38lot10', '441.00', '5292.00', 0, 0, '0.00', '0.00', '0.00', '0.00', '0.00', '0.00', 'N/A', '0.00', '', '0000-00-00'),
('blk38lot11', '374.40', '4492.80', 0, 0, '0.00', '0.00', '0.00', '0.00', '0.00', '0.00', 'N/A', '0.00', '', '0000-00-00'),
('blk38lot12', '367.20', '4406.40', 0, 0, '0.00', '0.00', '0.00', '0.00', '0.00', '0.00', 'N/A', '0.00', '', '0000-00-00'),
('blk38lot13', '367.20', '4406.40', 0, 0, '0.00', '0.00', '0.00', '0.00', '0.00', '0.00', 'N/A', '0.00', '', '0000-00-00'),
('blk38lot14', '367.20', '4406.40', 0, 0, '0.00', '0.00', '0.00', '0.00', '0.00', '0.00', 'N/A', '0.00', '', '0000-00-00'),
('blk38lot15', '367.20', '4406.40', 0, 0, '0.00', '0.00', '0.00', '0.00', '0.00', '0.00', 'N/A', '0.00', '', '0000-00-00'),
('blk38lot16', '367.20', '4406.40', 0, 0, '0.00', '0.00', '0.00', '0.00', '0.00', '0.00', 'N/A', '0.00', '', '0000-00-00'),
('blk38lot17', '367.20', '4406.40', 0, 0, '0.00', '0.00', '0.00', '0.00', '0.00', '0.00', 'N/A', '0.00', '', '0000-00-00'),
('blk38lot18', '367.20', '4406.40', 0, 0, '0.00', '0.00', '0.00', '0.00', '0.00', '0.00', 'N/A', '0.00', '', '0000-00-00'),
('blk38lot19', '367.20', '4406.40', 0, 0, '0.00', '0.00', '0.00', '0.00', '0.00', '0.00', 'N/A', '0.00', '', '0000-00-00'),
('blk38lot2', '500.40', '6004.80', 0, 0, '0.00', '0.00', '0.00', '0.00', '0.00', '0.00', 'N/A', '0.00', '', '0000-00-00'),
('blk38lot20', '367.20', '4406.40', 0, 0, '0.00', '0.00', '0.00', '0.00', '0.00', '0.00', 'N/A', '0.00', '', '0000-00-00'),
('blk38lot21', '367.20', '4406.40', 0, 0, '0.00', '0.00', '0.00', '0.00', '0.00', '0.00', 'N/A', '0.00', '', '0000-00-00'),
('blk38lot22', '367.20', '4406.40', 0, 0, '0.00', '0.00', '0.00', '0.00', '0.00', '0.00', 'N/A', '0.00', '', '0000-00-00'),
('blk38lot23', '367.20', '4406.40', 0, 0, '0.00', '0.00', '0.00', '0.00', '0.00', '0.00', 'N/A', '0.00', '', '0000-00-00'),
('blk38lot24', '367.20', '4406.40', 0, 0, '0.00', '0.00', '0.00', '0.00', '0.00', '0.00', 'N/A', '0.00', '', '0000-00-00'),
('blk38lot25', '367.20', '4406.40', 0, 0, '0.00', '0.00', '0.00', '0.00', '0.00', '0.00', 'N/A', '0.00', '', '0000-00-00'),
('blk38lot26', '367.20', '4406.40', 0, 0, '0.00', '0.00', '0.00', '0.00', '0.00', '0.00', 'N/A', '0.00', '', '0000-00-00'),
('blk38lot27', '367.20', '4406.40', 0, 0, '0.00', '0.00', '0.00', '0.00', '0.00', '0.00', 'N/A', '0.00', '', '0000-00-00'),
('blk38lot28', '759.60', '9115.20', 0, 0, '0.00', '0.00', '0.00', '0.00', '0.00', '0.00', 'N/A', '0.00', '', '0000-00-00'),
('blk38lot3', '471.60', '5659.20', 0, 0, '0.00', '0.00', '0.00', '0.00', '0.00', '0.00', 'N/A', '0.00', '', '0000-00-00'),
('blk38lot4', '666.00', '7992.00', 0, 0, '0.00', '0.00', '0.00', '0.00', '0.00', '0.00', 'N/A', '0.00', '', '0000-00-00'),
('blk38lot5', '743.40', '8920.80', 0, 0, '0.00', '0.00', '0.00', '0.00', '0.00', '0.00', 'N/A', '0.00', '', '0000-00-00'),
('blk38lot6', '594.00', '7128.00', 0, 0, '0.00', '0.00', '0.00', '0.00', '0.00', '0.00', 'N/A', '0.00', '', '0000-00-00'),
('blk38lot7', '585.00', '7020.00', 0, 0, '0.00', '0.00', '0.00', '0.00', '0.00', '0.00', 'N/A', '0.00', '', '0000-00-00'),
('blk38lot8', '730.80', '8769.60', 0, 0, '0.00', '0.00', '0.00', '0.00', '0.00', '0.00', 'N/A', '0.00', '', '0000-00-00'),
('blk38lot9', '559.80', '6717.60', 0, 0, '0.00', '0.00', '0.00', '0.00', '0.00', '0.00', 'N/A', '0.00', '', '0000-00-00'),
('blk39lot1', '201.60', '2419.20', 0, 0, '0.00', '0.00', '0.00', '0.00', '0.00', '0.00', 'N/A', '0.00', '', '0000-00-00'),
('blk3lot1', '743.40', '8920.80', 0, 0, '0.00', '0.00', '0.00', '0.00', '0.00', '0.00', 'N/A', '0.00', '', '0000-00-00'),
('blk3lot10', '577.80', '6933.60', 0, 0, '0.00', '0.00', '0.00', '0.00', '0.00', '0.00', 'N/A', '0.00', '', '0000-00-00'),
('blk3lot11', '603.00', '7236.00', 0, 0, '0.00', '0.00', '0.00', '0.00', '0.00', '0.00', 'N/A', '0.00', '', '0000-00-00'),
('blk3lot12', '532.80', '6393.60', 0, 0, '0.00', '0.00', '0.00', '0.00', '0.00', '0.00', 'N/A', '0.00', '', '0000-00-00'),
('blk3lot13', '444.60', '5335.20', 0, 0, '0.00', '0.00', '0.00', '0.00', '0.00', '0.00', 'N/A', '0.00', '', '0000-00-00'),
('blk3lot14', '432.00', '5184.00', 0, 0, '0.00', '0.00', '0.00', '0.00', '0.00', '0.00', 'N/A', '0.00', '', '0000-00-00'),
('blk3lot15', '388.80', '4665.60', 0, 0, '0.00', '0.00', '0.00', '0.00', '0.00', '0.00', 'N/A', '0.00', '', '0000-00-00'),
('blk3lot16', '376.20', '4514.40', 0, 0, '0.00', '0.00', '0.00', '0.00', '0.00', '0.00', 'N/A', '0.00', '', '0000-00-00'),
('blk3lot17', '421.20', '5054.40', 0, 0, '0.00', '0.00', '0.00', '0.00', '0.00', '0.00', 'N/A', '0.00', '', '0000-00-00'),
('blk3lot18', '408.60', '4903.20', 0, 0, '0.00', '0.00', '0.00', '0.00', '0.00', '0.00', 'N/A', '0.00', '', '0000-00-00'),
('blk3lot19', '585.00', '7020.00', 0, 0, '0.00', '0.00', '0.00', '0.00', '0.00', '0.00', 'N/A', '0.00', '', '0000-00-00'),
('blk3lot2', '766.80', '9201.60', 0, 0, '0.00', '0.00', '0.00', '0.00', '0.00', '0.00', 'N/A', '0.00', '', '0000-00-00'),
('blk3lot20', '577.80', '6933.60', 0, 0, '0.00', '0.00', '0.00', '0.00', '0.00', '0.00', 'N/A', '0.00', '', '0000-00-00'),
('blk3lot21', '567.00', '6804.00', 0, 0, '0.00', '0.00', '0.00', '0.00', '0.00', '0.00', 'N/A', '0.00', '', '0000-00-00'),
('blk3lot22', '451.80', '5421.60', 0, 0, '0.00', '0.00', '0.00', '0.00', '0.00', '0.00', 'N/A', '0.00', '', '0000-00-00'),
('blk3lot23', '455.40', '5464.80', 0, 0, '0.00', '0.00', '0.00', '0.00', '0.00', '0.00', 'N/A', '0.00', '', '0000-00-00'),
('blk3lot24', '435.60', '5227.20', 0, 0, '0.00', '0.00', '0.00', '0.00', '0.00', '0.00', 'N/A', '0.00', '', '0000-00-00'),
('blk3lot25', '756.00', '9072.00', 0, 0, '0.00', '0.00', '0.00', '0.00', '0.00', '0.00', 'N/A', '0.00', '', '0000-00-00'),
('blk3lot26', '622.80', '7473.60', 0, 0, '0.00', '0.00', '0.00', '0.00', '0.00', '0.00', 'N/A', '0.00', '', '0000-00-00'),
('blk3lot27', '453.60', '5443.20', 0, 0, '0.00', '0.00', '0.00', '0.00', '0.00', '0.00', 'N/A', '0.00', '', '0000-00-00'),
('blk3lot28', '430.20', '5162.40', 0, 0, '0.00', '0.00', '0.00', '0.00', '0.00', '0.00', 'N/A', '0.00', '', '0000-00-00'),
('blk3lot29', '768.60', '9223.20', 0, 0, '0.00', '0.00', '0.00', '0.00', '0.00', '0.00', 'N/A', '0.00', '', '0000-00-00'),
('blk3lot3', '511.20', '6134.40', 0, 0, '0.00', '0.00', '0.00', '0.00', '0.00', '0.00', 'N/A', '0.00', '', '0000-00-00'),
('blk3lot30', '759.60', '9115.20', 0, 0, '0.00', '0.00', '0.00', '0.00', '0.00', '0.00', 'N/A', '0.00', '', '0000-00-00'),
('blk3lot31', '376.20', '4514.40', 0, 0, '0.00', '0.00', '0.00', '0.00', '0.00', '0.00', 'N/A', '0.00', '', '0000-00-00'),
('blk3lot32', '390.60', '4687.20', 0, 0, '0.00', '0.00', '0.00', '0.00', '0.00', '0.00', 'N/A', '0.00', '', '0000-00-00'),
('blk3lot33', '376.20', '4514.40', 0, 0, '0.00', '0.00', '0.00', '0.00', '0.00', '0.00', 'N/A', '0.00', '', '0000-00-00'),
('blk3lot34', '531.00', '6372.00', 0, 0, '0.00', '0.00', '0.00', '0.00', '0.00', '0.00', 'N/A', '0.00', '', '0000-00-00'),
('blk3lot35', '615.60', '7387.20', 0, 0, '0.00', '0.00', '0.00', '0.00', '0.00', '0.00', 'N/A', '0.00', '', '0000-00-00'),
('blk3lot4', '514.80', '6177.60', 0, 0, '0.00', '0.00', '0.00', '0.00', '0.00', '0.00', 'N/A', '0.00', '', '0000-00-00'),
('blk3lot5', '518.40', '6220.80', 0, 0, '0.00', '0.00', '0.00', '0.00', '0.00', '0.00', 'N/A', '0.00', '', '0000-00-00'),
('blk3lot6', '783.00', '9396.00', 0, 0, '0.00', '0.00', '0.00', '0.00', '0.00', '0.00', 'N/A', '0.00', '', '0000-00-00'),
('blk3lot7', '831.60', '9979.20', 0, 0, '0.00', '0.00', '0.00', '0.00', '0.00', '0.00', 'N/A', '0.00', '', '0000-00-00'),
('blk3lot8', '831.60', '9979.20', 0, 0, '0.00', '0.00', '0.00', '0.00', '0.00', '0.00', 'N/A', '0.00', '', '0000-00-00'),
('blk3lot9', '556.20', '6674.40', 0, 0, '0.00', '0.00', '0.00', '0.00', '0.00', '0.00', 'N/A', '0.00', '', '0000-00-00'),
('blk4lot1', '826.20', '9914.40', 0, 0, '0.00', '0.00', '0.00', '0.00', '0.00', '0.00', 'N/A', '0.00', '', '0000-00-00'),
('blk4lot10', '583.20', '6998.40', 0, 0, '0.00', '0.00', '0.00', '0.00', '0.00', '0.00', 'N/A', '0.00', '', '0000-00-00'),
('blk4lot11', '394.20', '4730.40', 0, 0, '0.00', '0.00', '0.00', '0.00', '0.00', '0.00', 'N/A', '0.00', '', '0000-00-00'),
('blk4lot12', '392.40', '4708.80', 0, 0, '0.00', '0.00', '0.00', '0.00', '0.00', '0.00', 'N/A', '0.00', '', '0000-00-00'),
('blk4lot13', '421.20', '5054.40', 0, 0, '0.00', '0.00', '0.00', '0.00', '0.00', '0.00', 'N/A', '0.00', '', '0000-00-00'),
('blk4lot14', '721.80', '8661.60', 0, 0, '0.00', '0.00', '0.00', '0.00', '0.00', '0.00', 'N/A', '0.00', '', '0000-00-00'),
('blk4lot2', '892.80', '10713.60', 0, 0, '0.00', '0.00', '0.00', '0.00', '0.00', '0.00', 'N/A', '0.00', '', '0000-00-00'),
('blk4lot3', '415.80', '4989.60', 0, 0, '0.00', '0.00', '0.00', '0.00', '0.00', '0.00', 'N/A', '0.00', '', '0000-00-00'),
('blk4lot4', '513.00', '6156.00', 0, 0, '0.00', '0.00', '0.00', '0.00', '0.00', '0.00', 'N/A', '0.00', '', '0000-00-00'),
('blk4lot5', '392.40', '4708.80', 0, 0, '0.00', '0.00', '0.00', '0.00', '0.00', '0.00', 'N/A', '0.00', '', '0000-00-00'),
('blk4lot6', '525.60', '6307.20', 0, 0, '0.00', '0.00', '0.00', '0.00', '0.00', '0.00', 'N/A', '0.00', '', '0000-00-00'),
('blk4lot7', '604.80', '7257.60', 0, 0, '0.00', '0.00', '0.00', '0.00', '0.00', '0.00', 'N/A', '0.00', '', '0000-00-00'),
('blk4lot8', '486.00', '5832.00', 0, 0, '0.00', '0.00', '0.00', '0.00', '0.00', '0.00', 'N/A', '0.00', '', '0000-00-00'),
('blk4lot9', '369.00', '4428.00', 0, 0, '0.00', '0.00', '0.00', '0.00', '0.00', '0.00', 'N/A', '0.00', '', '0000-00-00'),
('blk5lot1', '910.80', '10929.60', 0, 0, '0.00', '0.00', '0.00', '0.00', '0.00', '0.00', 'N/A', '0.00', '', '0000-00-00'),
('blk5lot10', '932.40', '11188.80', 0, 0, '0.00', '0.00', '0.00', '0.00', '0.00', '0.00', 'N/A', '0.00', '', '0000-00-00'),
('blk5lot11', '725.40', '8704.80', 0, 0, '0.00', '0.00', '0.00', '0.00', '0.00', '0.00', 'N/A', '0.00', '', '0000-00-00'),
('blk5lot12', '864.00', '10368.00', 0, 0, '0.00', '0.00', '0.00', '0.00', '0.00', '0.00', 'N/A', '0.00', '', '0000-00-00'),
('blk5lot13', '802.80', '9633.60', 0, 0, '0.00', '0.00', '0.00', '0.00', '0.00', '0.00', 'N/A', '0.00', '', '0000-00-00'),
('blk5lot14', '696.60', '8359.20', 0, 0, '0.00', '0.00', '0.00', '0.00', '0.00', '0.00', 'N/A', '0.00', '', '0000-00-00'),
('blk5lot15', '649.80', '7797.60', 0, 0, '0.00', '0.00', '0.00', '0.00', '0.00', '0.00', 'N/A', '0.00', '', '0000-00-00'),
('blk5lot16', '867.60', '10411.20', 0, 0, '0.00', '0.00', '0.00', '0.00', '0.00', '0.00', 'N/A', '0.00', '', '0000-00-00'),
('blk5lot17', '648.00', '7776.00', 0, 0, '0.00', '0.00', '0.00', '0.00', '0.00', '0.00', 'N/A', '0.00', '', '0000-00-00'),
('blk5lot18', '531.00', '6372.00', 0, 0, '0.00', '0.00', '0.00', '0.00', '0.00', '0.00', 'N/A', '0.00', '', '0000-00-00'),
('blk5lot19', '734.40', '8812.80', 0, 0, '0.00', '0.00', '0.00', '0.00', '0.00', '0.00', 'N/A', '0.00', '', '0000-00-00'),
('blk5lot2', '909.00', '10908.00', 0, 0, '0.00', '0.00', '0.00', '0.00', '0.00', '0.00', 'N/A', '0.00', '', '0000-00-00'),
('blk5lot20', '484.20', '5810.40', 0, 0, '0.00', '0.00', '0.00', '0.00', '0.00', '0.00', 'N/A', '0.00', '', '0000-00-00'),
('blk5lot21', '673.20', '8078.40', 0, 0, '0.00', '0.00', '0.00', '0.00', '0.00', '0.00', 'N/A', '0.00', '', '0000-00-00'),
('blk5lot22', '930.60', '11167.20', 0, 0, '0.00', '0.00', '0.00', '0.00', '0.00', '0.00', 'N/A', '0.00', '', '0000-00-00'),
('blk5lot23', '831.60', '9979.20', 0, 0, '0.00', '0.00', '0.00', '0.00', '0.00', '0.00', 'N/A', '0.00', '', '0000-00-00'),
('blk5lot24', '927.00', '11124.00', 0, 0, '0.00', '0.00', '0.00', '0.00', '0.00', '0.00', 'N/A', '0.00', '', '0000-00-00'),
('blk5lot25', '493.20', '5918.40', 0, 0, '0.00', '0.00', '0.00', '0.00', '0.00', '0.00', 'N/A', '0.00', '', '0000-00-00'),
('blk5lot26', '412.20', '4946.40', 0, 0, '0.00', '0.00', '0.00', '0.00', '0.00', '0.00', 'N/A', '0.00', '', '0000-00-00'),
('blk5lot27', '810.00', '9720.00', 0, 0, '0.00', '0.00', '0.00', '0.00', '0.00', '0.00', 'N/A', '0.00', '', '0000-00-00'),
('blk5lot3', '882.00', '10584.00', 0, 0, '0.00', '0.00', '0.00', '0.00', '0.00', '0.00', 'N/A', '0.00', '', '0000-00-00'),
('blk5lot4', '1112.40', '13348.80', 0, 0, '0.00', '0.00', '0.00', '0.00', '0.00', '0.00', 'N/A', '0.00', '', '0000-00-00'),
('blk5lot5', '952.20', '11426.40', 0, 0, '0.00', '0.00', '0.00', '0.00', '0.00', '0.00', 'N/A', '0.00', '', '0000-00-00'),
('blk5lot6', '1108.80', '13305.60', 0, 0, '0.00', '0.00', '0.00', '0.00', '0.00', '0.00', 'N/A', '0.00', '', '0000-00-00'),
('blk5lot7', '1557.00', '18684.00', 0, 0, '0.00', '0.00', '0.00', '0.00', '0.00', '0.00', 'N/A', '0.00', '', '0000-00-00'),
('blk5lot8', '725.40', '8704.80', 0, 0, '0.00', '0.00', '0.00', '0.00', '0.00', '0.00', 'N/A', '0.00', '', '0000-00-00'),
('blk5lot9', '828.00', '9936.00', 0, 0, '0.00', '0.00', '0.00', '0.00', '0.00', '0.00', 'N/A', '0.00', '', '0000-00-00'),
('blk6lot1', '5517.00', '66204.00', 0, 0, '0.00', '0.00', '0.00', '0.00', '0.00', '0.00', 'N/A', '0.00', '', '0000-00-00'),
('blk7lot1', '833.40', '10000.80', 0, 0, '0.00', '0.00', '0.00', '0.00', '0.00', '0.00', 'N/A', '0.00', '', '0000-00-00'),
('blk7lot10', '482.40', '5788.80', 0, 0, '0.00', '0.00', '0.00', '0.00', '0.00', '0.00', 'N/A', '0.00', '', '0000-00-00'),
('blk7lot11', '532.80', '6393.60', 0, 0, '0.00', '0.00', '0.00', '0.00', '0.00', '0.00', 'N/A', '0.00', '', '0000-00-00'),
('blk7lot12', '514.80', '6177.60', 0, 0, '0.00', '0.00', '0.00', '0.00', '0.00', '0.00', 'N/A', '0.00', '', '0000-00-00'),
('blk7lot13', '387.00', '4644.00', 0, 0, '0.00', '0.00', '0.00', '0.00', '0.00', '0.00', 'N/A', '0.00', '', '0000-00-00'),
('blk7lot14', '365.40', '4384.80', 0, 0, '0.00', '0.00', '0.00', '0.00', '0.00', '0.00', 'N/A', '0.00', '', '0000-00-00'),
('blk7lot15', '374.40', '4492.80', 0, 0, '0.00', '0.00', '0.00', '0.00', '0.00', '0.00', 'N/A', '0.00', '', '0000-00-00'),
('blk7lot16', '360.00', '4320.00', 0, 0, '0.00', '0.00', '0.00', '0.00', '0.00', '0.00', 'N/A', '0.00', '', '0000-00-00'),
('blk7lot17', '360.00', '4320.00', 0, 0, '0.00', '0.00', '0.00', '0.00', '0.00', '0.00', 'N/A', '0.00', '', '0000-00-00'),
('blk7lot18', '361.80', '4341.60', 0, 0, '0.00', '0.00', '0.00', '0.00', '0.00', '0.00', 'N/A', '0.00', '', '0000-00-00'),
('blk7lot19', '369.00', '4428.00', 0, 0, '0.00', '0.00', '0.00', '0.00', '0.00', '0.00', 'N/A', '0.00', '', '0000-00-00'),
('blk7lot2', '367.20', '4406.40', 0, 0, '0.00', '0.00', '0.00', '0.00', '0.00', '0.00', 'N/A', '0.00', '', '0000-00-00'),
('blk7lot20', '367.20', '4406.40', 0, 0, '0.00', '0.00', '0.00', '0.00', '0.00', '0.00', 'N/A', '0.00', '', '0000-00-00'),
('blk7lot21', '424.80', '5097.60', 0, 0, '0.00', '0.00', '0.00', '0.00', '0.00', '0.00', 'N/A', '0.00', '', '0000-00-00'),
('blk7lot22', '707.40', '8488.80', 0, 0, '0.00', '0.00', '0.00', '0.00', '0.00', '0.00', 'N/A', '0.00', '', '0000-00-00'),
('blk7lot23', '923.40', '11080.80', 0, 0, '0.00', '0.00', '0.00', '0.00', '0.00', '0.00', 'N/A', '0.00', '', '0000-00-00'),
('blk7lot24', '703.80', '8445.60', 0, 0, '0.00', '0.00', '0.00', '0.00', '0.00', '0.00', 'N/A', '0.00', '', '0000-00-00'),
('blk7lot25', '475.20', '5702.40', 0, 0, '0.00', '0.00', '0.00', '0.00', '0.00', '0.00', 'N/A', '0.00', '', '0000-00-00'),
('blk7lot26', '399.60', '4795.20', 0, 0, '0.00', '0.00', '0.00', '0.00', '0.00', '0.00', 'N/A', '0.00', '', '0000-00-00'),
('blk7lot27', '367.20', '4406.40', 0, 0, '0.00', '0.00', '0.00', '0.00', '0.00', '0.00', 'N/A', '0.00', '', '0000-00-00'),
('blk7lot28', '367.20', '4406.40', 0, 0, '0.00', '0.00', '0.00', '0.00', '0.00', '0.00', 'N/A', '0.00', '', '0000-00-00'),
('blk7lot29', '367.20', '4406.40', 0, 0, '0.00', '0.00', '0.00', '0.00', '0.00', '0.00', 'N/A', '0.00', '', '0000-00-00'),
('blk7lot3', '378.00', '4536.00', 0, 0, '0.00', '0.00', '0.00', '0.00', '0.00', '0.00', 'N/A', '0.00', '', '0000-00-00'),
('blk7lot30', '367.20', '4406.40', 0, 0, '0.00', '0.00', '0.00', '0.00', '0.00', '0.00', 'N/A', '0.00', '', '0000-00-00'),
('blk7lot31', '367.20', '4406.40', 0, 0, '0.00', '0.00', '0.00', '0.00', '0.00', '0.00', 'N/A', '0.00', '', '0000-00-00'),
('blk7lot32', '367.20', '4406.40', 0, 0, '0.00', '0.00', '0.00', '0.00', '0.00', '0.00', 'N/A', '0.00', '', '0000-00-00'),
('blk7lot33', '367.20', '4406.40', 0, 0, '0.00', '0.00', '0.00', '0.00', '0.00', '0.00', 'N/A', '0.00', '', '0000-00-00'),
('blk7lot34', '367.20', '4406.40', 0, 0, '0.00', '0.00', '0.00', '0.00', '0.00', '0.00', 'N/A', '0.00', '', '0000-00-00'),
('blk7lot35', '367.20', '4406.40', 0, 0, '0.00', '0.00', '0.00', '0.00', '0.00', '0.00', 'N/A', '0.00', '', '0000-00-00'),
('blk7lot36', '367.20', '4406.40', 0, 0, '0.00', '0.00', '0.00', '0.00', '0.00', '0.00', 'N/A', '0.00', '', '0000-00-00'),
('blk7lot37', '367.20', '4406.40', 0, 0, '0.00', '0.00', '0.00', '0.00', '0.00', '0.00', 'N/A', '0.00', '', '0000-00-00'),
('blk7lot38', '367.20', '4406.40', 0, 0, '0.00', '0.00', '0.00', '0.00', '0.00', '0.00', 'N/A', '0.00', '', '0000-00-00'),
('blk7lot39', '397.80', '4773.60', 0, 0, '0.00', '0.00', '0.00', '0.00', '0.00', '0.00', 'N/A', '0.00', '', '0000-00-00'),
('blk7lot4', '378.00', '4536.00', 0, 0, '0.00', '0.00', '0.00', '0.00', '0.00', '0.00', 'N/A', '0.00', '', '0000-00-00'),
('blk7lot40', '381.60', '4579.20', 0, 0, '0.00', '0.00', '0.00', '0.00', '0.00', '0.00', 'N/A', '0.00', '', '0000-00-00'),
('blk7lot41', '406.80', '4881.60', 0, 0, '0.00', '0.00', '0.00', '0.00', '0.00', '0.00', 'N/A', '0.00', '', '0000-00-00'),
('blk7lot42', '754.20', '9050.40', 0, 0, '0.00', '0.00', '0.00', '0.00', '0.00', '0.00', 'N/A', '0.00', '', '0000-00-00'),
('blk7lot43', '739.80', '8877.60', 0, 0, '0.00', '0.00', '0.00', '0.00', '0.00', '0.00', 'N/A', '0.00', '', '0000-00-00'),
('blk7lot44', '633.60', '7603.20', 0, 0, '0.00', '0.00', '0.00', '0.00', '0.00', '0.00', 'N/A', '0.00', '', '0000-00-00'),
('blk7lot45', '376.20', '4514.40', 0, 0, '0.00', '0.00', '0.00', '0.00', '0.00', '0.00', 'N/A', '0.00', '', '0000-00-00'),
('blk7lot46', '543.60', '6523.20', 0, 0, '0.00', '0.00', '0.00', '0.00', '0.00', '0.00', 'N/A', '0.00', '', '0000-00-00'),
('blk7lot47', '577.80', '6933.60', 0, 0, '0.00', '0.00', '0.00', '0.00', '0.00', '0.00', 'N/A', '0.00', '', '0000-00-00'),
('blk7lot48', '664.20', '7970.40', 0, 0, '0.00', '0.00', '0.00', '0.00', '0.00', '0.00', 'N/A', '0.00', '', '0000-00-00'),
('blk7lot49', '379.80', '4557.60', 0, 0, '0.00', '0.00', '0.00', '0.00', '0.00', '0.00', 'N/A', '0.00', '', '0000-00-00'),
('blk7lot5', '547.20', '6566.40', 0, 0, '0.00', '0.00', '0.00', '0.00', '0.00', '0.00', 'N/A', '0.00', '', '0000-00-00'),
('blk7lot50', '365.40', '4384.80', 0, 0, '0.00', '0.00', '0.00', '0.00', '0.00', '0.00', 'N/A', '0.00', '', '0000-00-00'),
('blk7lot51', '372.60', '4471.20', 0, 0, '0.00', '0.00', '0.00', '0.00', '0.00', '0.00', 'N/A', '0.00', '', '0000-00-00');
INSERT INTO `association_dues` (`Lot_ID`, `Monthly_Dues`, `Yearly_Dues`, `month_count`, `year_count`, `total_assocdues`, `total_payment`, `total_change`, `total_discount`, `total_penalty`, `assoc_balance`, `Dues_Status`, `Balance`, `DueRemarks`, `date_assigned`) VALUES
('blk7lot52', '367.20', '4406.40', 0, 0, '0.00', '0.00', '0.00', '0.00', '0.00', '0.00', 'N/A', '0.00', '', '0000-00-00'),
('blk7lot53', '360.00', '4320.00', 0, 0, '0.00', '0.00', '0.00', '0.00', '0.00', '0.00', 'N/A', '0.00', '', '0000-00-00'),
('blk7lot54', '360.00', '4320.00', 0, 0, '0.00', '0.00', '0.00', '0.00', '0.00', '0.00', 'N/A', '0.00', '', '0000-00-00'),
('blk7lot55', '360.00', '4320.00', 0, 0, '0.00', '0.00', '0.00', '0.00', '0.00', '0.00', 'N/A', '0.00', '', '0000-00-00'),
('blk7lot56', '360.00', '4320.00', 0, 0, '0.00', '0.00', '0.00', '0.00', '0.00', '0.00', 'N/A', '0.00', '', '0000-00-00'),
('blk7lot57', '360.00', '4320.00', 0, 0, '0.00', '0.00', '0.00', '0.00', '0.00', '0.00', 'N/A', '0.00', '', '0000-00-00'),
('blk7lot58', '360.00', '4320.00', 0, 0, '0.00', '0.00', '0.00', '0.00', '0.00', '0.00', 'N/A', '0.00', '', '0000-00-00'),
('blk7lot59', '360.00', '4320.00', 0, 0, '0.00', '0.00', '0.00', '0.00', '0.00', '0.00', 'N/A', '0.00', '', '0000-00-00'),
('blk7lot6', '585.00', '7020.00', 0, 0, '0.00', '0.00', '0.00', '0.00', '0.00', '0.00', 'N/A', '0.00', '', '0000-00-00'),
('blk7lot60', '385.20', '4622.40', 0, 0, '0.00', '0.00', '0.00', '0.00', '0.00', '0.00', 'N/A', '0.00', '', '0000-00-00'),
('blk7lot61', '396.00', '4752.00', 0, 0, '0.00', '0.00', '0.00', '0.00', '0.00', '0.00', 'N/A', '0.00', '', '0000-00-00'),
('blk7lot62', '554.40', '6652.80', 0, 0, '0.00', '0.00', '0.00', '0.00', '0.00', '0.00', 'N/A', '0.00', '', '0000-00-00'),
('blk7lot63', '547.20', '6566.40', 0, 0, '0.00', '0.00', '0.00', '0.00', '0.00', '0.00', 'N/A', '0.00', '', '0000-00-00'),
('blk7lot64', '534.60', '6415.20', 0, 0, '0.00', '0.00', '0.00', '0.00', '0.00', '0.00', 'N/A', '0.00', '', '0000-00-00'),
('blk7lot65', '397.80', '4773.60', 0, 0, '0.00', '0.00', '0.00', '0.00', '0.00', '0.00', 'N/A', '0.00', '', '0000-00-00'),
('blk7lot66', '428.40', '5140.80', 0, 0, '0.00', '0.00', '0.00', '0.00', '0.00', '0.00', 'N/A', '0.00', '', '0000-00-00'),
('blk7lot67', '405.00', '4860.00', 0, 0, '0.00', '0.00', '0.00', '0.00', '0.00', '0.00', 'N/A', '0.00', '', '0000-00-00'),
('blk7lot68', '405.00', '4860.00', 0, 0, '0.00', '0.00', '0.00', '0.00', '0.00', '0.00', 'N/A', '0.00', '', '0000-00-00'),
('blk7lot69', '405.00', '4860.00', 0, 0, '0.00', '0.00', '0.00', '0.00', '0.00', '0.00', 'N/A', '0.00', '', '0000-00-00'),
('blk7lot7', '529.20', '6350.40', 0, 0, '0.00', '0.00', '0.00', '0.00', '0.00', '0.00', 'N/A', '0.00', '', '0000-00-00'),
('blk7lot70', '405.00', '4860.00', 0, 0, '0.00', '0.00', '0.00', '0.00', '0.00', '0.00', 'N/A', '0.00', '', '0000-00-00'),
('blk7lot71', '405.00', '4860.00', 0, 0, '0.00', '0.00', '0.00', '0.00', '0.00', '0.00', 'N/A', '0.00', '', '0000-00-00'),
('blk7lot72', '405.00', '4860.00', 0, 0, '0.00', '0.00', '0.00', '0.00', '0.00', '0.00', 'N/A', '0.00', '', '0000-00-00'),
('blk7lot73', '405.00', '4860.00', 0, 0, '0.00', '0.00', '0.00', '0.00', '0.00', '0.00', 'N/A', '0.00', '', '0000-00-00'),
('blk7lot74', '405.00', '4860.00', 0, 0, '0.00', '0.00', '0.00', '0.00', '0.00', '0.00', 'N/A', '0.00', '', '0000-00-00'),
('blk7lot75', '405.00', '4860.00', 0, 0, '0.00', '0.00', '0.00', '0.00', '0.00', '0.00', 'N/A', '0.00', '', '0000-00-00'),
('blk7lot76', '405.00', '4860.00', 0, 0, '0.00', '0.00', '0.00', '0.00', '0.00', '0.00', 'N/A', '0.00', '', '0000-00-00'),
('blk7lot77', '793.80', '9525.60', 0, 0, '0.00', '0.00', '0.00', '0.00', '0.00', '0.00', 'N/A', '0.00', '', '0000-00-00'),
('blk7lot78', '779.40', '9352.80', 0, 0, '0.00', '0.00', '0.00', '0.00', '0.00', '0.00', 'N/A', '0.00', '', '0000-00-00'),
('blk7lot8', '567.00', '6804.00', 0, 0, '0.00', '0.00', '0.00', '0.00', '0.00', '0.00', 'N/A', '0.00', '', '0000-00-00'),
('blk7lot9', '756.00', '9072.00', 0, 0, '0.00', '0.00', '0.00', '0.00', '0.00', '0.00', 'N/A', '0.00', '', '0000-00-00'),
('blk8lot1', '720.00', '8640.00', 0, 0, '0.00', '0.00', '0.00', '0.00', '0.00', '0.00', 'N/A', '0.00', '', '0000-00-00'),
('blk8lot10', '403.20', '4838.40', 259, 0, '104428.80', '0.00', '0.00', '0.00', '0.00', '0.00', 'outdated', '104428.80', '', '2001-10-10'),
('blk8lot11', '367.20', '4406.40', 0, 0, '0.00', '0.00', '0.00', '0.00', '0.00', '0.00', 'N/A', '0.00', '', '0000-00-00'),
('blk8lot12', '383.40', '4600.80', 0, 0, '0.00', '0.00', '0.00', '0.00', '0.00', '0.00', 'N/A', '0.00', '', '0000-00-00'),
('blk8lot13', '417.60', '5011.20', 0, 0, '0.00', '0.00', '0.00', '0.00', '0.00', '0.00', 'N/A', '0.00', '', '0000-00-00'),
('blk8lot14', '403.20', '4838.40', 0, 0, '0.00', '0.00', '0.00', '0.00', '0.00', '0.00', 'N/A', '0.00', '', '0000-00-00'),
('blk8lot15', '372.60', '4471.20', 0, 0, '0.00', '0.00', '0.00', '0.00', '0.00', '0.00', 'N/A', '0.00', '', '0000-00-00'),
('blk8lot16', '378.00', '4536.00', 0, 0, '0.00', '0.00', '0.00', '0.00', '0.00', '0.00', 'N/A', '0.00', '', '0000-00-00'),
('blk8lot17', '360.00', '4320.00', 0, 0, '0.00', '0.00', '0.00', '0.00', '0.00', '0.00', 'N/A', '0.00', '', '0000-00-00'),
('blk8lot18', '369.00', '4428.00', 0, 0, '0.00', '0.00', '0.00', '0.00', '0.00', '0.00', 'N/A', '0.00', '', '0000-00-00'),
('blk8lot19', '759.60', '9115.20', 0, 0, '0.00', '0.00', '0.00', '0.00', '0.00', '0.00', 'N/A', '0.00', '', '0000-00-00'),
('blk8lot2', '748.80', '8985.60', 0, 0, '0.00', '0.00', '0.00', '0.00', '0.00', '0.00', 'N/A', '0.00', '', '0000-00-00'),
('blk8lot20', '826.20', '9914.40', 0, 0, '0.00', '0.00', '0.00', '0.00', '0.00', '0.00', 'N/A', '0.00', '', '0000-00-00'),
('blk8lot3', '590.40', '7084.80', 0, 0, '0.00', '0.00', '0.00', '0.00', '0.00', '0.00', 'N/A', '0.00', '', '0000-00-00'),
('blk8lot4', '702.00', '8424.00', 0, 0, '0.00', '0.00', '0.00', '0.00', '0.00', '0.00', 'N/A', '0.00', '', '0000-00-00'),
('blk8lot5', '480.60', '5767.20', 0, 0, '0.00', '0.00', '0.00', '0.00', '0.00', '0.00', 'N/A', '0.00', '', '0000-00-00'),
('blk8lot6', '547.20', '6566.40', 0, 0, '0.00', '0.00', '0.00', '0.00', '0.00', '0.00', 'N/A', '0.00', '', '0000-00-00'),
('blk8lot7', '509.40', '6112.80', 0, 0, '0.00', '0.00', '0.00', '0.00', '0.00', '0.00', 'N/A', '0.00', '', '0000-00-00'),
('blk8lot8', '675.00', '8100.00', 0, 0, '0.00', '0.00', '0.00', '0.00', '0.00', '0.00', 'N/A', '0.00', '', '0000-00-00'),
('blk8lot9', '477.00', '5724.00', 0, 0, '0.00', '0.00', '0.00', '0.00', '0.00', '0.00', 'N/A', '0.00', '', '0000-00-00'),
('blk9lot1', '808.20', '9698.40', 0, 0, '0.00', '0.00', '0.00', '0.00', '0.00', '0.00', 'N/A', '0.00', '', '0000-00-00'),
('blk9lot10', '487.80', '5853.60', 0, 0, '0.00', '0.00', '0.00', '0.00', '0.00', '0.00', 'N/A', '0.00', '', '0000-00-00'),
('blk9lot11', '576.00', '6912.00', 0, 0, '0.00', '0.00', '0.00', '0.00', '0.00', '0.00', 'N/A', '0.00', '', '0000-00-00'),
('blk9lot12', '538.20', '6458.40', 0, 0, '0.00', '0.00', '0.00', '0.00', '0.00', '0.00', 'N/A', '0.00', '', '0000-00-00'),
('blk9lot13', '532.80', '6393.60', 0, 0, '0.00', '0.00', '0.00', '0.00', '0.00', '0.00', 'N/A', '0.00', '', '0000-00-00'),
('blk9lot14', '563.40', '6760.80', 0, 0, '0.00', '0.00', '0.00', '0.00', '0.00', '0.00', 'N/A', '0.00', '', '0000-00-00'),
('blk9lot15', '466.20', '5594.40', 0, 0, '0.00', '0.00', '0.00', '0.00', '0.00', '0.00', 'N/A', '0.00', '', '0000-00-00'),
('blk9lot16', '541.80', '6501.60', 0, 0, '0.00', '0.00', '0.00', '0.00', '0.00', '0.00', 'N/A', '0.00', '', '0000-00-00'),
('blk9lot17', '514.80', '6177.60', 0, 0, '0.00', '0.00', '0.00', '0.00', '0.00', '0.00', 'N/A', '0.00', '', '0000-00-00'),
('blk9lot18', '639.00', '7668.00', 0, 0, '0.00', '0.00', '0.00', '0.00', '0.00', '0.00', 'N/A', '0.00', '', '0000-00-00'),
('blk9lot19', '545.40', '6544.80', 0, 0, '0.00', '0.00', '0.00', '0.00', '0.00', '0.00', 'N/A', '0.00', '', '0000-00-00'),
('blk9lot2', '579.60', '6955.20', 0, 0, '0.00', '0.00', '0.00', '0.00', '0.00', '0.00', 'N/A', '0.00', '', '0000-00-00'),
('blk9lot20', '988.20', '11858.40', 0, 0, '0.00', '0.00', '0.00', '0.00', '0.00', '0.00', 'N/A', '0.00', '', '0000-00-00'),
('blk9lot21', '655.20', '7862.40', 0, 0, '0.00', '0.00', '0.00', '0.00', '0.00', '0.00', 'N/A', '0.00', '', '0000-00-00'),
('blk9lot22', '795.60', '9547.20', 0, 0, '0.00', '0.00', '0.00', '0.00', '0.00', '0.00', 'N/A', '0.00', '', '0000-00-00'),
('blk9lot3', '433.80', '5205.60', 0, 0, '0.00', '0.00', '0.00', '0.00', '0.00', '0.00', 'N/A', '0.00', '', '0000-00-00'),
('blk9lot4', '730.80', '8769.60', 0, 0, '0.00', '0.00', '0.00', '0.00', '0.00', '0.00', 'N/A', '0.00', '', '0000-00-00'),
('blk9lot5', '552.60', '6631.20', 0, 0, '0.00', '0.00', '0.00', '0.00', '0.00', '0.00', 'N/A', '0.00', '', '0000-00-00'),
('blk9lot6', '482.40', '5788.80', 0, 0, '0.00', '0.00', '0.00', '0.00', '0.00', '0.00', 'N/A', '0.00', '', '0000-00-00'),
('blk9lot7', '729.00', '8748.00', 0, 0, '0.00', '0.00', '0.00', '0.00', '0.00', '0.00', 'N/A', '0.00', '', '0000-00-00'),
('blk9lot8', '549.00', '6588.00', 0, 0, '0.00', '0.00', '0.00', '0.00', '0.00', '0.00', 'N/A', '0.00', '', '0000-00-00'),
('blk9lot9', '714.60', '8575.20', 4, 0, '2858.40', '0.00', '0.00', '0.00', '0.00', '0.00', 'outdated', '2858.40', 'redas', '2022-10-10');

-- --------------------------------------------------------

--
-- Table structure for table `get_lot_ids`
--

CREATE TABLE `get_lot_ids` (
  `lot_id` varchar(15) NOT NULL
) ENGINE=InnoDB DEFAULT CHARSET=utf8mb4;

--
-- Dumping data for table `get_lot_ids`
--

INSERT INTO `get_lot_ids` (`lot_id`) VALUES
('blk10lot1'),
('blk10lot10'),
('blk10lot11'),
('blk10lot12'),
('blk10lot13'),
('blk10lot14'),
('blk10lot15'),
('blk10lot16'),
('blk10lot17'),
('blk10lot18'),
('blk10lot19'),
('blk10lot2'),
('blk10lot20'),
('blk10lot21'),
('blk10lot22'),
('blk10lot23'),
('blk10lot24'),
('blk10lot25'),
('blk10lot26'),
('blk10lot27'),
('blk10lot28'),
('blk10lot29'),
('blk10lot3'),
('blk10lot4'),
('blk10lot5'),
('blk10lot6'),
('blk10lot7'),
('blk10lot8'),
('blk10lot9'),
('blk11lot1'),
('blk11lot10'),
('blk11lot11'),
('blk11lot12'),
('blk11lot13'),
('blk11lot14'),
('blk11lot15'),
('blk11lot16'),
('blk11lot17'),
('blk11lot18'),
('blk11lot19'),
('blk11lot2'),
('blk11lot20'),
('blk11lot3'),
('blk11lot4'),
('blk11lot5'),
('blk11lot6'),
('blk11lot7'),
('blk11lot8'),
('blk11lot9'),
('blk12lot1'),
('blk12lot10'),
('blk12lot11'),
('blk12lot12'),
('blk12lot13'),
('blk12lot14'),
('blk12lot15'),
('blk12lot16'),
('blk12lot17'),
('blk12lot18'),
('blk12lot19'),
('blk12lot2'),
('blk12lot20'),
('blk12lot21'),
('blk12lot22'),
('blk12lot23'),
('blk12lot24'),
('blk12lot25'),
('blk12lot26'),
('blk12lot27'),
('blk12lot28'),
('blk12lot29'),
('blk12lot3'),
('blk12lot30'),
('blk12lot31'),
('blk12lot32'),
('blk12lot33'),
('blk12lot34'),
('blk12lot35'),
('blk12lot36'),
('blk12lot4'),
('blk12lot5'),
('blk12lot6'),
('blk12lot7'),
('blk12lot8'),
('blk12lot9'),
('blk13lot1'),
('blk13lot10'),
('blk13lot11'),
('blk13lot12'),
('blk13lot13'),
('blk13lot14'),
('blk13lot15'),
('blk13lot16'),
('blk13lot17'),
('blk13lot18'),
('blk13lot19'),
('blk13lot2'),
('blk13lot3'),
('blk13lot4'),
('blk13lot5'),
('blk13lot6'),
('blk13lot7'),
('blk13lot8'),
('blk13lot9'),
('blk14lot1'),
('blk14lot10'),
('blk14lot100'),
('blk14lot101'),
('blk14lot102'),
('blk14lot103'),
('blk14lot104'),
('blk14lot105'),
('blk14lot106'),
('blk14lot107'),
('blk14lot108'),
('blk14lot109'),
('blk14lot11'),
('blk14lot110'),
('blk14lot111'),
('blk14lot112'),
('blk14lot113'),
('blk14lot114'),
('blk14lot115'),
('blk14lot116'),
('blk14lot117'),
('blk14lot118'),
('blk14lot119'),
('blk14lot12'),
('blk14lot120'),
('blk14lot121'),
('blk14lot122'),
('blk14lot123'),
('blk14lot124'),
('blk14lot125'),
('blk14lot126'),
('blk14lot127'),
('blk14lot13'),
('blk14lot14'),
('blk14lot15'),
('blk14lot16'),
('blk14lot17'),
('blk14lot18'),
('blk14lot19'),
('blk14lot2'),
('blk14lot20'),
('blk14lot21'),
('blk14lot22'),
('blk14lot23'),
('blk14lot24'),
('blk14lot25'),
('blk14lot26'),
('blk14lot27'),
('blk14lot28'),
('blk14lot29'),
('blk14lot3'),
('blk14lot30'),
('blk14lot31'),
('blk14lot32'),
('blk14lot33'),
('blk14lot34'),
('blk14lot35'),
('blk14lot36'),
('blk14lot37'),
('blk14lot38'),
('blk14lot39'),
('blk14lot4'),
('blk14lot40'),
('blk14lot41'),
('blk14lot42'),
('blk14lot43'),
('blk14lot44'),
('blk14lot45'),
('blk14lot46'),
('blk14lot47'),
('blk14lot48'),
('blk14lot49'),
('blk14lot5'),
('blk14lot50'),
('blk14lot51'),
('blk14lot52'),
('blk14lot53'),
('blk14lot54'),
('blk14lot55'),
('blk14lot56'),
('blk14lot57'),
('blk14lot58'),
('blk14lot59'),
('blk14lot6'),
('blk14lot60'),
('blk14lot61'),
('blk14lot62'),
('blk14lot63'),
('blk14lot64'),
('blk14lot65'),
('blk14lot66'),
('blk14lot67'),
('blk14lot68'),
('blk14lot69'),
('blk14lot7'),
('blk14lot70'),
('blk14lot71'),
('blk14lot72'),
('blk14lot73'),
('blk14lot74'),
('blk14lot75'),
('blk14lot76'),
('blk14lot77'),
('blk14lot78'),
('blk14lot79'),
('blk14lot8'),
('blk14lot80'),
('blk14lot81'),
('blk14lot82'),
('blk14lot83'),
('blk14lot84'),
('blk14lot85'),
('blk14lot86'),
('blk14lot87'),
('blk14lot88'),
('blk14lot89'),
('blk14lot9'),
('blk14lot90'),
('blk14lot91'),
('blk14lot92'),
('blk14lot93'),
('blk14lot94'),
('blk14lot95'),
('blk14lot96'),
('blk14lot97'),
('blk14lot98'),
('blk14lot99'),
('blk15lot1'),
('blk15lot10'),
('blk15lot11'),
('blk15lot12'),
('blk15lot13'),
('blk15lot14'),
('blk15lot15'),
('blk15lot16'),
('blk15lot17'),
('blk15lot18'),
('blk15lot19'),
('blk15lot2'),
('blk15lot20'),
('blk15lot21'),
('blk15lot22'),
('blk15lot23'),
('blk15lot24'),
('blk15lot25'),
('blk15lot26'),
('blk15lot27'),
('blk15lot3'),
('blk15lot4'),
('blk15lot5'),
('blk15lot6'),
('blk15lot7'),
('blk15lot8'),
('blk15lot9'),
('blk16'),
('blk17lot1'),
('blk17lot10'),
('blk17lot11'),
('blk17lot12'),
('blk17lot13'),
('blk17lot14'),
('blk17lot15'),
('blk17lot16'),
('blk17lot17'),
('blk17lot18'),
('blk17lot19'),
('blk17lot2'),
('blk17lot3'),
('blk17lot4'),
('blk17lot5'),
('blk17lot6'),
('blk17lot7'),
('blk17lot8'),
('blk17lot9'),
('blk18lot1'),
('blk18lot10'),
('blk18lot11'),
('blk18lot12'),
('blk18lot13'),
('blk18lot14'),
('blk18lot15'),
('blk18lot16'),
('blk18lot17'),
('blk18lot18'),
('blk18lot19'),
('blk18lot2'),
('blk18lot3'),
('blk18lot4'),
('blk18lot5'),
('blk18lot6'),
('blk18lot7'),
('blk18lot8'),
('blk18lot9'),
('blk19lot1'),
('blk19lot10'),
('blk19lot11'),
('blk19lot2'),
('blk19lot3'),
('blk19lot4'),
('blk19lot5'),
('blk19lot6'),
('blk19lot7'),
('blk19lot8'),
('blk19lot9'),
('blk1lot1'),
('blk1lot10'),
('blk1lot11'),
('blk1lot12'),
('blk1lot2'),
('blk1lot3'),
('blk1lot4'),
('blk1lot5'),
('blk1lot6'),
('blk1lot7'),
('blk1lot8'),
('blk1lot9'),
('blk20lot1'),
('blk20lot10'),
('blk20lot11'),
('blk20lot2'),
('blk20lot3'),
('blk20lot4'),
('blk20lot5'),
('blk20lot6'),
('blk20lot7'),
('blk20lot8'),
('blk20lot9'),
('blk21lot1'),
('blk21lot10'),
('blk21lot11'),
('blk21lot12'),
('blk21lot13'),
('blk21lot14'),
('blk21lot15'),
('blk21lot16'),
('blk21lot17'),
('blk21lot18'),
('blk21lot19'),
('blk21lot2'),
('blk21lot20'),
('blk21lot21'),
('blk21lot22'),
('blk21lot23'),
('blk21lot24'),
('blk21lot25'),
('blk21lot26'),
('blk21lot27'),
('blk21lot28'),
('blk21lot3'),
('blk21lot4'),
('blk21lot5'),
('blk21lot6'),
('blk21lot7'),
('blk21lot8'),
('blk21lot9'),
('blk22lot1'),
('blk22lot10'),
('blk22lot11'),
('blk22lot12'),
('blk22lot13'),
('blk22lot14'),
('blk22lot15'),
('blk22lot16'),
('blk22lot17'),
('blk22lot18'),
('blk22lot19'),
('blk22lot2'),
('blk22lot20'),
('blk22lot21'),
('blk22lot22'),
('blk22lot23'),
('blk22lot24'),
('blk22lot25'),
('blk22lot3'),
('blk22lot4'),
('blk22lot5'),
('blk22lot6'),
('blk22lot7'),
('blk22lot8'),
('blk22lot9'),
('blk23lot1'),
('blk23lot10'),
('blk23lot11'),
('blk23lot12'),
('blk23lot13'),
('blk23lot14'),
('blk23lot15'),
('blk23lot16'),
('blk23lot17'),
('blk23lot18'),
('blk23lot2'),
('blk23lot3'),
('blk23lot4'),
('blk23lot5'),
('blk23lot6'),
('blk23lot7'),
('blk23lot8'),
('blk23lot9'),
('blk24lot1'),
('blk25lot1'),
('blk25lot10'),
('blk25lot11'),
('blk25lot12'),
('blk25lot13'),
('blk25lot2'),
('blk25lot3'),
('blk25lot4'),
('blk25lot5'),
('blk25lot6'),
('blk25lot7'),
('blk25lot8'),
('blk25lot9'),
('blk26lot1'),
('blk26lot10'),
('blk26lot11'),
('blk26lot12'),
('blk26lot13'),
('blk26lot14'),
('blk26lot15'),
('blk26lot16'),
('blk26lot17'),
('blk26lot18'),
('blk26lot19'),
('blk26lot2'),
('blk26lot3'),
('blk26lot4'),
('blk26lot5'),
('blk26lot6'),
('blk26lot7'),
('blk26lot8'),
('blk26lot9'),
('blk27lot1'),
('blk27lot10'),
('blk27lot11'),
('blk27lot12'),
('blk27lot13'),
('blk27lot14'),
('blk27lot15'),
('blk27lot16'),
('blk27lot17'),
('blk27lot18'),
('blk27lot19'),
('blk27lot2'),
('blk27lot20'),
('blk27lot21'),
('blk27lot22'),
('blk27lot23'),
('blk27lot24'),
('blk27lot25'),
('blk27lot26'),
('blk27lot27'),
('blk27lot28'),
('blk27lot29'),
('blk27lot3'),
('blk27lot30'),
('blk27lot31'),
('blk27lot32'),
('blk27lot33'),
('blk27lot34'),
('blk27lot35'),
('blk27lot36'),
('blk27lot4'),
('blk27lot5'),
('blk27lot6'),
('blk27lot7'),
('blk27lot8'),
('blk27lot9'),
('blk28lot1'),
('blk28lot10'),
('blk28lot11'),
('blk28lot12'),
('blk28lot13'),
('blk28lot14'),
('blk28lot15'),
('blk28lot16'),
('blk28lot17'),
('blk28lot18'),
('blk28lot19'),
('blk28lot2'),
('blk28lot3'),
('blk28lot4'),
('blk28lot5'),
('blk28lot6'),
('blk28lot7'),
('blk28lot8'),
('blk28lot9'),
('blk29lot1'),
('blk29lot2'),
('blk29lot3'),
('blk29lot4'),
('blk29lot5'),
('blk29lot6'),
('blk29lot7'),
('blk29lot8'),
('blk29lot9'),
('blk2lot1'),
('blk2lot10'),
('blk2lot11'),
('blk2lot12'),
('blk2lot13'),
('blk2lot14'),
('blk2lot15'),
('blk2lot16'),
('blk2lot17'),
('blk2lot18'),
('blk2lot19'),
('blk2lot2'),
('blk2lot20'),
('blk2lot21'),
('blk2lot22'),
('blk2lot23'),
('blk2lot24'),
('blk2lot25'),
('blk2lot26'),
('blk2lot27'),
('blk2lot28'),
('blk2lot29'),
('blk2lot3'),
('blk2lot30'),
('blk2lot31'),
('blk2lot32'),
('blk2lot33'),
('blk2lot34'),
('blk2lot35'),
('blk2lot36'),
('blk2lot37'),
('blk2lot38'),
('blk2lot39'),
('blk2lot4'),
('blk2lot40'),
('blk2lot5'),
('blk2lot6'),
('blk2lot7'),
('blk2lot8'),
('blk2lot9'),
('blk30lot1'),
('blk30lot10'),
('blk30lot11'),
('blk30lot12'),
('blk30lot13'),
('blk30lot2'),
('blk30lot3'),
('blk30lot4'),
('blk30lot5'),
('blk30lot6'),
('blk30lot7'),
('blk30lot8'),
('blk30lot9'),
('blk31lot1'),
('blk31lot10'),
('blk31lot11'),
('blk31lot12'),
('blk31lot2'),
('blk31lot3'),
('blk31lot4'),
('blk31lot5'),
('blk31lot6'),
('blk31lot7'),
('blk31lot8'),
('blk31lot9'),
('blk32lot1'),
('blk32lot10'),
('blk32lot11'),
('blk32lot12'),
('blk32lot13'),
('blk32lot14'),
('blk32lot15'),
('blk32lot16'),
('blk32lot17'),
('blk32lot2'),
('blk32lot3'),
('blk32lot4'),
('blk32lot5'),
('blk32lot6'),
('blk32lot7'),
('blk32lot8'),
('blk32lot9'),
('blk33lot1'),
('blk33lot10'),
('blk33lot11'),
('blk33lot12'),
('blk33lot2'),
('blk33lot3'),
('blk33lot4'),
('blk33lot5'),
('blk33lot6'),
('blk33lot7'),
('blk33lot8'),
('blk33lot9'),
('blk34lot1'),
('blk34lot10'),
('blk34lot11'),
('blk34lot12'),
('blk34lot13'),
('blk34lot14'),
('blk34lot15'),
('blk34lot16'),
('blk34lot17'),
('blk34lot18'),
('blk34lot2'),
('blk34lot3'),
('blk34lot4'),
('blk34lot5'),
('blk34lot6'),
('blk34lot7'),
('blk34lot8'),
('blk34lot9'),
('blk35lot1'),
('blk35lot10'),
('blk35lot11'),
('blk35lot12'),
('blk35lot13'),
('blk35lot14'),
('blk35lot2'),
('blk35lot3'),
('blk35lot4'),
('blk35lot5'),
('blk35lot6'),
('blk35lot7'),
('blk35lot8'),
('blk35lot9'),
('blk36lot1'),
('blk36lot10'),
('blk36lot11'),
('blk36lot12'),
('blk36lot13'),
('blk36lot14'),
('blk36lot2'),
('blk36lot3'),
('blk36lot4'),
('blk36lot5'),
('blk36lot6'),
('blk36lot7'),
('blk36lot8'),
('blk36lot9'),
('blk37lot1'),
('blk37lot10'),
('blk37lot11'),
('blk37lot12'),
('blk37lot13'),
('blk37lot14'),
('blk37lot15'),
('blk37lot16'),
('blk37lot17'),
('blk37lot18'),
('blk37lot19'),
('blk37lot2'),
('blk37lot20'),
('blk37lot21'),
('blk37lot22'),
('blk37lot23'),
('blk37lot3'),
('blk37lot4'),
('blk37lot5'),
('blk37lot6'),
('blk37lot7'),
('blk37lot8'),
('blk37lot9'),
('blk38lot1'),
('blk38lot10'),
('blk38lot11'),
('blk38lot12'),
('blk38lot13'),
('blk38lot14'),
('blk38lot15'),
('blk38lot16'),
('blk38lot17'),
('blk38lot18'),
('blk38lot19'),
('blk38lot2'),
('blk38lot20'),
('blk38lot21'),
('blk38lot22'),
('blk38lot23'),
('blk38lot24'),
('blk38lot25'),
('blk38lot26'),
('blk38lot27'),
('blk38lot28'),
('blk38lot3'),
('blk38lot4'),
('blk38lot5'),
('blk38lot6'),
('blk38lot7'),
('blk38lot8'),
('blk38lot9'),
('blk39lot1'),
('blk3lot1'),
('blk3lot10'),
('blk3lot11'),
('blk3lot12'),
('blk3lot13'),
('blk3lot14'),
('blk3lot15'),
('blk3lot16'),
('blk3lot17'),
('blk3lot18'),
('blk3lot19'),
('blk3lot2'),
('blk3lot20'),
('blk3lot21'),
('blk3lot22'),
('blk3lot23'),
('blk3lot24'),
('blk3lot25'),
('blk3lot26'),
('blk3lot27'),
('blk3lot28'),
('blk3lot29'),
('blk3lot3'),
('blk3lot30'),
('blk3lot31'),
('blk3lot32'),
('blk3lot33'),
('blk3lot34'),
('blk3lot35'),
('blk3lot4'),
('blk3lot5'),
('blk3lot6'),
('blk3lot7'),
('blk3lot8'),
('blk3lot9'),
('blk4lot1'),
('blk4lot10'),
('blk4lot11'),
('blk4lot12'),
('blk4lot13'),
('blk4lot14'),
('blk4lot2'),
('blk4lot3'),
('blk4lot4'),
('blk4lot5'),
('blk4lot6'),
('blk4lot7'),
('blk4lot8'),
('blk4lot9'),
('blk5lot1'),
('blk5lot10'),
('blk5lot11'),
('blk5lot12'),
('blk5lot13'),
('blk5lot14'),
('blk5lot15'),
('blk5lot16'),
('blk5lot17'),
('blk5lot18'),
('blk5lot19'),
('blk5lot2'),
('blk5lot20'),
('blk5lot21'),
('blk5lot22'),
('blk5lot23'),
('blk5lot24'),
('blk5lot25'),
('blk5lot26'),
('blk5lot27'),
('blk5lot3'),
('blk5lot4'),
('blk5lot5'),
('blk5lot6'),
('blk5lot7'),
('blk5lot8'),
('blk5lot9'),
('blk6lot1'),
('blk7lot1'),
('blk7lot10'),
('blk7lot11'),
('blk7lot12'),
('blk7lot13'),
('blk7lot14'),
('blk7lot15'),
('blk7lot16'),
('blk7lot17'),
('blk7lot18'),
('blk7lot19'),
('blk7lot2'),
('blk7lot20'),
('blk7lot21'),
('blk7lot22'),
('blk7lot23'),
('blk7lot24'),
('blk7lot25'),
('blk7lot26'),
('blk7lot27'),
('blk7lot28'),
('blk7lot29'),
('blk7lot3'),
('blk7lot30'),
('blk7lot31'),
('blk7lot32'),
('blk7lot33'),
('blk7lot34'),
('blk7lot35'),
('blk7lot36'),
('blk7lot37'),
('blk7lot38'),
('blk7lot39'),
('blk7lot4'),
('blk7lot40'),
('blk7lot41'),
('blk7lot42'),
('blk7lot43'),
('blk7lot44'),
('blk7lot45'),
('blk7lot46'),
('blk7lot47'),
('blk7lot48'),
('blk7lot49'),
('blk7lot5'),
('blk7lot50'),
('blk7lot51'),
('blk7lot52'),
('blk7lot53'),
('blk7lot54'),
('blk7lot55'),
('blk7lot56'),
('blk7lot57'),
('blk7lot58'),
('blk7lot59'),
('blk7lot6'),
('blk7lot60'),
('blk7lot61'),
('blk7lot62'),
('blk7lot63'),
('blk7lot64'),
('blk7lot65'),
('blk7lot66'),
('blk7lot67'),
('blk7lot68'),
('blk7lot69'),
('blk7lot7'),
('blk7lot70'),
('blk7lot71'),
('blk7lot72'),
('blk7lot73'),
('blk7lot74'),
('blk7lot75'),
('blk7lot76'),
('blk7lot77'),
('blk7lot78'),
('blk7lot8'),
('blk7lot9'),
('blk8lot1'),
('blk8lot10'),
('blk8lot11'),
('blk8lot12'),
('blk8lot13'),
('blk8lot14'),
('blk8lot15'),
('blk8lot16'),
('blk8lot17'),
('blk8lot18'),
('blk8lot19'),
('blk8lot2'),
('blk8lot20'),
('blk8lot3'),
('blk8lot4'),
('blk8lot5'),
('blk8lot6'),
('blk8lot7'),
('blk8lot8'),
('blk8lot9'),
('blk9lot1'),
('blk9lot10'),
('blk9lot11'),
('blk9lot12'),
('blk9lot13'),
('blk9lot14'),
('blk9lot15'),
('blk9lot16'),
('blk9lot17'),
('blk9lot18'),
('blk9lot19'),
('blk9lot2'),
('blk9lot20'),
('blk9lot21'),
('blk9lot22'),
('blk9lot3'),
('blk9lot4'),
('blk9lot5'),
('blk9lot6'),
('blk9lot7'),
('blk9lot8'),
('blk9lot9');

-- --------------------------------------------------------

--
-- Table structure for table `transaction_assoc`
--

CREATE TABLE `transaction_assoc` (
  `transaction_num` varchar(9) NOT NULL,
  `Lot_ID` varchar(15) NOT NULL,
  `assoc_selectedBal` decimal(20,2) NOT NULL,
  `assoc_payment` decimal(20,2) NOT NULL,
  `assoc_change` decimal(20,2) NOT NULL,
  `assoc_penalty` decimal(20,2) NOT NULL,
  `assoc_discount` decimal(20,2) NOT NULL,
  `balance_val` decimal(20,2) NOT NULL,
  `assoc_totalbal` decimal(20,2) NOT NULL,
  `assoc_remaining_bal` decimal(20,2) NOT NULL,
  `assoc_date_payment` date NOT NULL DEFAULT current_timestamp(),
  `assoc_remarks` varchar(100) NOT NULL,
  `idnum` int(11) NOT NULL
) ENGINE=InnoDB DEFAULT CHARSET=utf8mb4;

--
-- Dumping data for table `transaction_assoc`
--

INSERT INTO `transaction_assoc` (`transaction_num`, `Lot_ID`, `assoc_selectedBal`, `assoc_payment`, `assoc_change`, `assoc_penalty`, `assoc_discount`, `balance_val`, `assoc_totalbal`, `assoc_remaining_bal`, `assoc_date_payment`, `assoc_remarks`, `idnum`) VALUES
('2023-0001', 'blk1lot1', '1700.00', '1700.00', '0.00', '0.00', '0.00', '1700.00', '0.00', '0.00', '2023-02-13', 'paid cash', 42),
('2023-0004', 'blk1lot2', '200.00', '200.00', '0.00', '0.00', '0.00', '200.00', '280497.60', '280297.60', '2023-02-14', 'hihi', 43),
('2023-0005', 'blk1lot3', '1000.00', '1000.00', '98.00', '2.00', '100.00', '902.00', '207925.20', '206925.20', '2023-02-14', '123', 44),
('2023-0007', 'blk1lot1', '3000.00', '5000.00', '1650.00', '500.00', '150.00', '3350.00', '129023.20', '126023.20', '2023-02-15', 'wer', 45),
('2023-0007', 'blk1lot1', '3000.00', '5000.00', '1650.00', '500.00', '150.00', '3350.00', '129023.20', '126023.20', '2023-02-15', 'wer', 46),
('2023-0008', 'blk1lot1', '3000.00', '3350.00', '0.00', '500.00', '150.00', '3350.00', '123023.20', '120023.20', '2023-02-15', 'SDFSD', 47),
('2023-0009', 'blk1lot1', '2000.00', '2400.00', '0.00', '500.00', '100.00', '2400.00', '120023.20', '118023.20', '2023-02-15', 'qwe erewr', 48),
('2023-0010', 'blk1lot1', '2000.00', '2100.00', '0.00', '200.00', '100.00', '2100.00', '118023.20', '116023.20', '2023-02-15', 'qw qweq werw', 49),
('2023-0011', 'blk1lot1', '2000.00', '2400.00', '0.00', '500.00', '100.00', '2400.00', '118023.20', '116023.20', '2023-02-15', 'qweqwe', 50),
('2023-0012', 'blk1lot1', '3000.00', '3050.00', '0.00', '200.00', '150.00', '3050.00', '114023.20', '111023.20', '2023-02-15', '123 23', 51),
('2023-0013', 'blk1lot1', '2000.00', '2400.00', '0.00', '500.00', '100.00', '2400.00', '111023.20', '109023.20', '2023-02-15', 'werer wer', 52),
('2023-0014', 'blk1lot1', '2000.00', '2300.00', '0.00', '400.00', '100.00', '2300.00', '109023.20', '107023.20', '2023-02-15', 'qqe qweqwe', 53),
('2023-0016', 'blk1lot1', '2000.00', '2400.00', '0.00', '500.00', '100.00', '2400.00', '107023.20', '105023.20', '2023-02-15', 'werwergd', 54);

-- --------------------------------------------------------

--
-- Table structure for table `transac_other`
--

CREATE TABLE `transac_other` (
  `transaction_no` varchar(9) NOT NULL,
  `t_name` varchar(255) NOT NULL,
  `category` varchar(255) NOT NULL,
  `quantity` int(255) NOT NULL,
  `price` int(255) NOT NULL,
  `subtotal` int(255) NOT NULL,
  `created_at` date NOT NULL DEFAULT current_timestamp()
) ENGINE=InnoDB DEFAULT CHARSET=utf8mb4;

--
-- Dumping data for table `transac_other`
--

INSERT INTO `transac_other` (`transaction_no`, `t_name`, `category`, `quantity`, `price`, `subtotal`, `created_at`) VALUES
('2023-0003', 'Vennices Cosinos', 'Sticker', 2, 100, 200, '2023-02-13'),
('2023-0003', 'Vennices Cosinos', 'Special Assistance', 1, 1000, 1000, '2023-02-13'),
('2023-0020', 'Vennices Cosinos', 'Car Sticker', 1, 100, 100, '2023-02-15'),
('2023-0020', 'Vennices Cosinos', 'Special Assistance', 1, 30000, 13000, '2023-02-15'),
('2023-0020', 'Vennices Cosinos', 'RFID Sticker', 1, 200, 200, '2023-02-15');

-- --------------------------------------------------------

--
-- Table structure for table `transac_other_total`
--

CREATE TABLE `transac_other_total` (
  `transaction_no` varchar(9) NOT NULL,
  `t_name` varchar(255) NOT NULL,
  `other_total` int(11) NOT NULL,
  `other_payment` int(11) NOT NULL,
  `other_remarks` varchar(400) NOT NULL,
  `other_change` int(255) NOT NULL,
  `other_remaining_balance` int(255) NOT NULL,
  `time_created` date NOT NULL DEFAULT current_timestamp()
) ENGINE=InnoDB DEFAULT CHARSET=utf8mb4;

--
-- Dumping data for table `transac_other_total`
--

INSERT INTO `transac_other_total` (`transaction_no`, `t_name`, `other_total`, `other_payment`, `other_remarks`, `other_change`, `other_remaining_balance`, `time_created`) VALUES
('2023-0003', 'Vennices Cosinos', 1200, 1200, 'wer', 0, 0, '2023-02-13'),
('2023-0020', 'Vennices Cosinos', 30300, 30300, '234234234234', 0, 0, '2023-02-15');

-- --------------------------------------------------------

--
-- Table structure for table `transac_reserv_court`
--

CREATE TABLE `transac_reserv_court` (
  `transaction_no` varchar(9) NOT NULL,
  `t_name` varchar(255) NOT NULL,
  `reserv_date_start` date NOT NULL,
  `reserv_date_end` date NOT NULL,
  `time_start` varchar(50) NOT NULL,
  `time_end` varchar(50) NOT NULL,
  `price` int(255) NOT NULL,
  `created_at` datetime NOT NULL DEFAULT current_timestamp()
) ENGINE=InnoDB DEFAULT CHARSET=utf8mb4;

--
-- Dumping data for table `transac_reserv_court`
--

INSERT INTO `transac_reserv_court` (`transaction_no`, `t_name`, `reserv_date_start`, `reserv_date_end`, `time_start`, `time_end`, `price`, `created_at`) VALUES
('2023-0006', 'Vennices Cosinos', '2023-02-17', '2023-02-17', '07:21', '19:21', 1900, '2023-02-15 06:22:29'),
('2023-0015', 'Vennices Cosinos', '2023-02-21', '2023-02-21', '06:30', '18:30', 4250, '2023-02-15 18:52:51'),
('2023-0017', 'Vennices Cosinos', '2023-02-16', '2023-02-16', '19:31', '12:27', 4750, '2023-02-15 19:27:54'),
('2023-0018', 'Vennices Cosinos', '2023-02-18', '2023-02-18', '07:32', '19:32', 5700, '2023-02-15 19:32:32'),
('2023-0019', 'Vennices Cosinos', '2023-02-15', '2023-02-16', '07:35', '19:35', 4750, '2023-02-15 19:35:29');

-- --------------------------------------------------------

--
-- Table structure for table `transac_reserv_hall`
--

CREATE TABLE `transac_reserv_hall` (
  `transaction_no` varchar(9) NOT NULL,
  `t_name` varchar(255) NOT NULL,
  `reserv_date_start` date NOT NULL,
  `reserv_date_end` date NOT NULL,
  `time_start` varchar(50) NOT NULL,
  `time_end` varchar(50) NOT NULL,
  `price` int(255) NOT NULL,
  `created_at` datetime NOT NULL DEFAULT current_timestamp()
) ENGINE=InnoDB DEFAULT CHARSET=utf8mb4;

--
-- Dumping data for table `transac_reserv_hall`
--

INSERT INTO `transac_reserv_hall` (`transaction_no`, `t_name`, `reserv_date_start`, `reserv_date_end`, `time_start`, `time_end`, `price`, `created_at`) VALUES
('2023-0006', 'Vennices Cosinos', '2023-02-17', '2023-02-17', '07:21', '19:21', 2850, '2023-02-15 06:22:29'),
('2023-0015', 'Vennices Cosinos', '2023-02-21', '2023-02-21', '06:30', '18:30', 6800, '2023-02-15 18:52:50'),
('2023-0017', 'Vennices Cosinos', '2023-02-16', '2023-02-16', '23:27', '19:33', 4750, '2023-02-15 19:27:54'),
('2023-0018', 'Vennices Cosinos', '2023-02-18', '2023-02-18', '19:33', '07:32', 3800, '2023-02-15 19:32:32'),
('2023-0019', 'Vennices Cosinos', '2023-02-15', '2023-02-16', '07:35', '19:35', 5700, '2023-02-15 19:35:29');

-- --------------------------------------------------------

--
-- Table structure for table `transac_reserv_miming`
--

CREATE TABLE `transac_reserv_miming` (
  `transaction_no` varchar(9) NOT NULL,
  `t_name` varchar(255) NOT NULL,
  `reserv_date_start` date NOT NULL,
  `reserv_date_end` date NOT NULL,
  `time_start` varchar(50) NOT NULL,
  `time_end` varchar(50) NOT NULL,
  `price` int(255) NOT NULL,
  `created_at` datetime NOT NULL DEFAULT current_timestamp()
) ENGINE=InnoDB DEFAULT CHARSET=utf8mb4;

--
-- Dumping data for table `transac_reserv_miming`
--

INSERT INTO `transac_reserv_miming` (`transaction_no`, `t_name`, `reserv_date_start`, `reserv_date_end`, `time_start`, `time_end`, `price`, `created_at`) VALUES
('2023-0006', 'Vennices Cosinos', '2023-02-17', '2023-02-17', '07:21', '18:21', 4750, '2023-02-15 06:22:29');

-- --------------------------------------------------------

--
-- Table structure for table `transac_reserv_records`
--

CREATE TABLE `transac_reserv_records` (
  `records_transaction_no` varchar(9) NOT NULL,
  `t_name` varchar(255) NOT NULL,
  `reserver_type` varchar(40) NOT NULL,
  `reserv_date_start` date NOT NULL,
  `reserv_date_end` date NOT NULL,
  `total` int(255) NOT NULL,
  `discount` int(255) NOT NULL,
  `remarks` varchar(400) NOT NULL,
  `reserv_payment` int(255) NOT NULL,
  `reserv_change` int(255) NOT NULL,
  `remaining_balance` int(255) NOT NULL,
  `authorization_type` varchar(50) NOT NULL,
  `date_created` datetime NOT NULL DEFAULT current_timestamp()
) ENGINE=InnoDB DEFAULT CHARSET=utf8mb4;

--
-- Dumping data for table `transac_reserv_records`
--

INSERT INTO `transac_reserv_records` (`records_transaction_no`, `t_name`, `reserver_type`, `reserv_date_start`, `reserv_date_end`, `total`, `discount`, `remarks`, `reserv_payment`, `reserv_change`, `remaining_balance`, `authorization_type`, `date_created`) VALUES
('2023-0006', 'Vennices Cosinos', 'Guest', '2023-02-17', '2023-02-17', 9500, 5, 'down payment', 5000, 0, 4500, 'Valid ID,Authorization letter,Referral', '2023-02-15 06:22:29'),
('2023-0015', 'Vennices Cosinos', 'Homeowner', '2023-02-21', '2023-02-21', 11050, 15, 'down payment', 6000, 0, 5050, 'Valid ID', '2023-02-15 18:52:50'),
('2023-0017', 'Vennices Cosinos', 'Homeowner', '2023-02-16', '2023-02-16', 9500, 5, 'downpayment', 5000, 0, 4500, 'Referral', '2023-02-15 19:27:54'),
('2023-0018', 'Vennices Cosinos', 'Guest', '2023-02-18', '2023-02-18', 9500, 5, 'qweqwe', 6000, 0, 3500, 'Valid ID,Referral', '2023-02-15 19:32:32'),
('2023-0019', 'Vennices Cosinos', 'Homeowner', '2023-02-15', '2023-02-16', 10450, 5, 'downpayment', 10450, 0, 0, 'Valid ID,Referral', '2023-02-15 19:35:29');

--
-- Indexes for dumped tables
--

--
-- Indexes for table `association_dues`
--
ALTER TABLE `association_dues`
  ADD PRIMARY KEY (`Lot_ID`);

--
-- Indexes for table `transaction_assoc`
--
ALTER TABLE `transaction_assoc`
  ADD PRIMARY KEY (`idnum`);

--
-- Indexes for table `transac_other_total`
--
ALTER TABLE `transac_other_total`
  ADD PRIMARY KEY (`transaction_no`);

--
-- AUTO_INCREMENT for dumped tables
--

--
-- AUTO_INCREMENT for table `transaction_assoc`
--
ALTER TABLE `transaction_assoc`
  MODIFY `idnum` int(11) NOT NULL AUTO_INCREMENT, AUTO_INCREMENT=55;
COMMIT;

/*!40101 SET CHARACTER_SET_CLIENT=@OLD_CHARACTER_SET_CLIENT */;
/*!40101 SET CHARACTER_SET_RESULTS=@OLD_CHARACTER_SET_RESULTS */;
/*!40101 SET COLLATION_CONNECTION=@OLD_COLLATION_CONNECTION */;
